Order_ID,Customer_ID,Order_Date,Product,Category,Quantity,Unit_Price,Total_Revenue
ORD-10000,CUST-1102,01/01/2025,Water Bottle,Sports,1,90.34,90.34
ORD-10001,CUST-1092,01/01/2025,Wireless Headphones,Electronics,2,52.52,105.04
ORD-10002,CUST-1014,01/01/2025,Air Fryer,Home & Kitchen,1,56.98,56.98
ORD-10003,CUST-1106,02/01/2025,Dumbbell Set,Sports,1,40.38,40.38
ORD-10004,CUST-1071,02/01/2025,Wireless Headphones,Electronics,1,85.76,85.76
ORD-10005,CUST-1020,02/01/2025,Denim Jeans,Clothing,2,127.41,254.82
ORD-10006,CUST-1102,03/01/2025,Smart Watch,Electronics,2,106.58,213.16
ORD-10007,CUST-1121,03/01/2025,Blender,Home & Kitchen,1,133.35,133.35
ORD-10008,CUST-1074,03/01/2025,Dumbbell Set,Sports,1,75.56,75.56
ORD-10009,CUST-1087,03/01/2025,Perfume,Beauty,2,95.06,190.12
ORD-10010,CUST-1116,03/01/2025,Dumbbell Set,Sports,1,108.91,108.91
ORD-10011,CUST-1099,03/01/2025,Dumbbell Set,Sports,1,62.99,62.99
ORD-10012,CUST-1103,04/01/2025,Wireless Headphones,Electronics,1,94.41,94.41
ORD-10013,CUST-1130,04/01/2025,Skin Serum,Beauty,1,23.76,23.76
ORD-10014,CUST-1149,04/01/2025,Running Shoes,Clothing,2,22.13,44.26
ORD-10015,CUST-1052,05/01/2025,Denim Jeans,Clothing,2,51.43,102.86
ORD-10016,CUST-1001,05/01/2025,Makeup Kit,Beauty,1,25.4,25.4
ORD-10017,CUST-1087,05/01/2025,Dumbbell Set,Sports,3,43.33,129.99
ORD-10018,CUST-1037,05/01/2025,Makeup Kit,Beauty,1,34.91,34.91
ORD-10019,CUST-1129,05/01/2025,Bluetooth Speaker,Electronics,1,65.14,65.14
ORD-10020,CUST-1020,07/01/2025,Bluetooth Speaker,Electronics,2,118.49,236.98
ORD-10021,CUST-1057,07/01/2025,Smart Watch,Electronics,1,71.87,71.87
ORD-10022,CUST-1021,07/01/2025,Makeup Kit,Beauty,1,70.34,70.34
ORD-10023,CUST-1088,07/01/2025,Makeup Kit,Beauty,2,143.29,286.58
ORD-10024,CUST-1048,07/01/2025,Yoga Mat,Sports,1,147.25,147.25
ORD-10025,CUST-1058,08/01/2025,Coffee Maker,Home & Kitchen,2,94.08,188.16
ORD-10026,CUST-1014,08/01/2025,Dumbbell Set,Sports,1,55.33,55.33
ORD-10027,CUST-1050,08/01/2025,Water Bottle,Sports,1,73,73
ORD-10028,CUST-1107,08/01/2025,Coffee Maker,Home & Kitchen,2,40.12,80.24
ORD-10029,CUST-1054,08/01/2025,Wireless Headphones,Electronics,1,80.2,80.2
ORD-10030,CUST-1063,09/01/2025,Denim Jeans,Clothing,2,82.02,164.04
ORD-10031,CUST-1130,09/01/2025,Wireless Headphones,Electronics,1,22.73,22.73
ORD-10032,CUST-1050,09/01/2025,Skin Serum,Beauty,2,103.69,207.38
ORD-10033,CUST-1134,09/01/2025,Skin Serum,Beauty,1,22.7,22.7
ORD-10034,CUST-1020,09/01/2025,Makeup Kit,Beauty,1,137.34,137.34
ORD-10035,CUST-1072,10/01/2025,Denim Jeans,Clothing,1,129.05,129.05
ORD-10036,CUST-1017,10/01/2025,Skin Serum,Beauty,1,19.54,19.54
ORD-10037,CUST-1131,10/01/2025,Perfume,Beauty,3,33.8,101.4
ORD-10038,CUST-1088,10/01/2025,Perfume,Beauty,1,61.89,61.89
ORD-10039,CUST-1059,11/01/2025,Running Shoes,Clothing,3,90.62,271.86
ORD-10040,CUST-1013,11/01/2025,Dumbbell Set,Sports,2,121.34,242.68
ORD-10041,CUST-1008,11/01/2025,Wireless Headphones,Electronics,3,49.63,148.89
ORD-10042,CUST-1089,11/01/2025,Blender,Home & Kitchen,1,91.32,91.32
ORD-10043,CUST-1052,12/01/2025,Blender,Home & Kitchen,3,97.15,291.45
ORD-10044,CUST-1129,12/01/2025,Wireless Headphones,Electronics,1,35.42,35.42
ORD-10045,CUST-1083,12/01/2025,Makeup Kit,Beauty,1,129.83,129.83
ORD-10046,CUST-1091,12/01/2025,Wireless Headphones,Electronics,3,45.7,137.1
ORD-10047,CUST-1110,12/01/2025,Perfume,Beauty,1,121.88,121.88
ORD-10048,CUST-1007,12/01/2025,Wireless Headphones,Electronics,1,45.53,45.53
ORD-10049,CUST-1034,12/01/2025,Leather Jacket,Clothing,1,34.03,34.03
ORD-10050,CUST-1080,12/01/2025,Smart Watch,Electronics,1,131.37,131.37
ORD-10051,CUST-1049,12/01/2025,Coffee Maker,Home & Kitchen,2,54.23,108.46
ORD-10052,CUST-1103,12/01/2025,Makeup Kit,Beauty,1,22.01,22.01
ORD-10053,CUST-1131,13/01/2025,Bluetooth Speaker,Electronics,2,88.55,177.1
ORD-10054,CUST-1001,13/01/2025,Perfume,Beauty,2,17.42,34.84
ORD-10055,CUST-1133,14/01/2025,Water Bottle,Sports,2,132.53,265.06
ORD-10056,CUST-1053,14/01/2025,Coffee Maker,Home & Kitchen,1,147.97,147.97
ORD-10057,CUST-1105,14/01/2025,Leather Jacket,Clothing,1,23.8,23.8
ORD-10058,CUST-1003,14/01/2025,Coffee Maker,Home & Kitchen,1,122.78,122.78
ORD-10059,CUST-1053,14/01/2025,Makeup Kit,Beauty,2,66.36,132.72
ORD-10060,CUST-1145,14/01/2025,Coffee Maker,Home & Kitchen,3,42.51,127.53
ORD-10061,CUST-1043,15/01/2025,Leather Jacket,Clothing,1,100.67,100.67
ORD-10062,CUST-1013,15/01/2025,Bluetooth Speaker,Electronics,1,136.09,136.09
ORD-10063,CUST-1094,15/01/2025,Denim Jeans,Clothing,1,90.31,90.31
ORD-10064,CUST-1047,16/01/2025,Running Shoes,Clothing,1,64.02,64.02
ORD-10065,CUST-1014,17/01/2025,Air Fryer,Home & Kitchen,1,83.45,83.45
ORD-10066,CUST-1039,17/01/2025,Skin Serum,Beauty,1,64.1,64.1
ORD-10067,CUST-1081,17/01/2025,Makeup Kit,Beauty,1,122.81,122.81
ORD-10068,CUST-1110,17/01/2025,Coffee Maker,Home & Kitchen,2,83.2,166.4
ORD-10069,CUST-1052,18/01/2025,Bluetooth Speaker,Electronics,1,31.53,31.53
ORD-10070,CUST-1023,18/01/2025,Dumbbell Set,Sports,1,134.06,134.06
ORD-10071,CUST-1123,19/01/2025,Blender,Home & Kitchen,1,107.73,107.73
ORD-10072,CUST-1040,19/01/2025,Coffee Maker,Home & Kitchen,1,126.1,126.1
ORD-10073,CUST-1014,19/01/2025,Denim Jeans,Clothing,1,146.42,146.42
ORD-10074,CUST-1044,19/01/2025,Skin Serum,Beauty,1,138.96,138.96
ORD-10075,CUST-1064,20/01/2025,Coffee Maker,Home & Kitchen,1,125.92,125.92
ORD-10076,CUST-1088,20/01/2025,Skin Serum,Beauty,1,81.72,81.72
ORD-10077,CUST-1070,20/01/2025,Air Fryer,Home & Kitchen,1,111.12,111.12
ORD-10078,CUST-1008,20/01/2025,Denim Jeans,Clothing,2,71.72,143.44
ORD-10079,CUST-1087,21/01/2025,Leather Jacket,Clothing,2,40.82,81.64
ORD-10080,CUST-1128,21/01/2025,Coffee Maker,Home & Kitchen,1,92.93,92.93
ORD-10081,CUST-1135,21/01/2025,Wireless Headphones,Electronics,2,128.9,257.8
ORD-10082,CUST-1062,21/01/2025,Blender,Home & Kitchen,1,114.8,114.8
ORD-10083,CUST-1138,22/01/2025,Denim Jeans,Clothing,1,15.52,15.52
ORD-10084,CUST-1080,22/01/2025,Wireless Headphones,Electronics,2,52.7,105.4
ORD-10085,CUST-1135,22/01/2025,Air Fryer,Home & Kitchen,1,56.22,56.22
ORD-10086,CUST-1032,22/01/2025,Water Bottle,Sports,2,70.12,140.24
ORD-10087,CUST-1122,23/01/2025,Perfume,Beauty,3,46.42,139.26
ORD-10088,CUST-1004,23/01/2025,Bluetooth Speaker,Electronics,1,136.34,136.34
ORD-10089,CUST-1040,24/01/2025,Coffee Maker,Home & Kitchen,2,15.03,30.06
ORD-10090,CUST-1027,24/01/2025,Blender,Home & Kitchen,1,66.23,66.23
ORD-10091,CUST-1134,25/01/2025,Skin Serum,Beauty,1,66.35,66.35
ORD-10092,CUST-1071,25/01/2025,Coffee Maker,Home & Kitchen,1,114.89,114.89
ORD-10093,CUST-1011,25/01/2025,Denim Jeans,Clothing,1,130.88,130.88
ORD-10094,CUST-1032,25/01/2025,Air Fryer,Home & Kitchen,3,116.78,350.34
ORD-10095,CUST-1047,25/01/2025,Wireless Headphones,Electronics,3,113.1,339.3
ORD-10096,CUST-1061,26/01/2025,Blender,Home & Kitchen,1,100.74,100.74
ORD-10097,CUST-1036,26/01/2025,Perfume,Beauty,1,31.23,31.23
ORD-10098,CUST-1098,26/01/2025,Skin Serum,Beauty,1,16.67,16.67
ORD-10099,CUST-1103,27/01/2025,Skin Serum,Beauty,2,25.02,50.04
ORD-10100,CUST-1034,27/01/2025,Bluetooth Speaker,Electronics,2,95.84,191.68
ORD-10101,CUST-1100,27/01/2025,Air Fryer,Home & Kitchen,1,95.08,95.08
ORD-10102,CUST-1130,27/01/2025,Bluetooth Speaker,Electronics,1,86.73,86.73
ORD-10103,CUST-1000,27/01/2025,Smart Watch,Electronics,1,51.15,51.15
ORD-10104,CUST-1004,28/01/2025,Leather Jacket,Clothing,1,23.59,23.59
ORD-10105,CUST-1141,28/01/2025,Skin Serum,Beauty,1,30.52,30.52
ORD-10106,CUST-1102,29/01/2025,Yoga Mat,Sports,3,105.34,316.02
ORD-10107,CUST-1026,29/01/2025,Smart Watch,Electronics,2,92.19,184.38
ORD-10108,CUST-1136,29/01/2025,Water Bottle,Sports,1,57.79,57.79
ORD-10109,CUST-1014,29/01/2025,Perfume,Beauty,2,96.26,192.52
ORD-10110,CUST-1089,29/01/2025,Leather Jacket,Clothing,1,142.99,142.99
ORD-10111,CUST-1041,30/01/2025,Skin Serum,Beauty,2,47.05,94.1
ORD-10112,CUST-1123,30/01/2025,Perfume,Beauty,2,146.05,292.1
ORD-10113,CUST-1062,31/01/2025,Perfume,Beauty,1,78.84,78.84
ORD-10114,CUST-1095,31/01/2025,Wireless Headphones,Electronics,1,69.94,69.94
ORD-10115,CUST-1051,01/02/2025,Smart Watch,Electronics,1,78.79,78.79
ORD-10116,CUST-1095,01/02/2025,Running Shoes,Clothing,1,52.37,52.37
ORD-10117,CUST-1131,02/02/2025,Wireless Headphones,Electronics,1,80.08,80.08
ORD-10118,CUST-1142,03/02/2025,Coffee Maker,Home & Kitchen,1,94.77,94.77
ORD-10119,CUST-1028,03/02/2025,Dumbbell Set,Sports,2,21.68,43.36
ORD-10120,CUST-1035,04/02/2025,Coffee Maker,Home & Kitchen,1,123.35,123.35
ORD-10121,CUST-1012,04/02/2025,Smart Watch,Electronics,1,20.99,20.99
ORD-10122,CUST-1070,05/02/2025,Wireless Headphones,Electronics,2,53.42,106.84
ORD-10123,CUST-1085,05/02/2025,Wireless Headphones,Electronics,1,83.5,83.5
ORD-10124,CUST-1027,05/02/2025,Bluetooth Speaker,Electronics,1,109.8,109.8
ORD-10125,CUST-1065,06/02/2025,Blender,Home & Kitchen,1,52.09,52.09
ORD-10126,CUST-1044,06/02/2025,Bluetooth Speaker,Electronics,1,137.53,137.53
ORD-10127,CUST-1061,06/02/2025,Yoga Mat,Sports,1,56.77,56.77
ORD-10128,CUST-1133,07/02/2025,Dumbbell Set,Sports,3,125.86,377.58
ORD-10129,CUST-1027,07/02/2025,Bluetooth Speaker,Electronics,1,111.87,111.87
ORD-10130,CUST-1027,07/02/2025,Bluetooth Speaker,Electronics,2,49.65,99.3
ORD-10131,CUST-1107,08/02/2025,Perfume,Beauty,2,104.46,208.92
ORD-10132,CUST-1043,08/02/2025,Water Bottle,Sports,1,89.19,89.19
ORD-10133,CUST-1083,08/02/2025,Wireless Headphones,Electronics,1,58.35,58.35
ORD-10134,CUST-1029,08/02/2025,Bluetooth Speaker,Electronics,1,102.22,102.22
ORD-10135,CUST-1074,08/02/2025,Denim Jeans,Clothing,2,95.82,191.64
ORD-10136,CUST-1127,08/02/2025,Running Shoes,Clothing,3,97.7,293.1
ORD-10137,CUST-1091,08/02/2025,Makeup Kit,Beauty,2,31.28,62.56
ORD-10138,CUST-1128,09/02/2025,Leather Jacket,Clothing,1,87.09,87.09
ORD-10139,CUST-1120,09/02/2025,Leather Jacket,Clothing,1,86.89,86.89
ORD-10140,CUST-1026,09/02/2025,Coffee Maker,Home & Kitchen,1,68.91,68.91
ORD-10141,CUST-1120,09/02/2025,Yoga Mat,Sports,2,44.17,88.34
ORD-10142,CUST-1115,09/02/2025,Bluetooth Speaker,Electronics,2,24.1,48.2
ORD-10143,CUST-1002,09/02/2025,Dumbbell Set,Sports,2,69.53,139.06
ORD-10144,CUST-1102,10/02/2025,Water Bottle,Sports,1,131.34,131.34
ORD-10145,CUST-1136,10/02/2025,Perfume,Beauty,1,75.77,75.77
ORD-10146,CUST-1061,10/02/2025,Makeup Kit,Beauty,2,28.35,56.7
ORD-10147,CUST-1050,11/02/2025,Air Fryer,Home & Kitchen,1,18.7,18.7
ORD-10148,CUST-1058,11/02/2025,Skin Serum,Beauty,1,84.08,84.08
ORD-10149,CUST-1117,11/02/2025,Skin Serum,Beauty,1,21.05,21.05
ORD-10150,CUST-1095,11/02/2025,Wireless Headphones,Electronics,3,60.87,182.61
ORD-10151,CUST-1112,11/02/2025,Denim Jeans,Clothing,1,60.98,60.98
ORD-10152,CUST-1061,12/02/2025,Air Fryer,Home & Kitchen,1,28.67,28.67
ORD-10153,CUST-1051,12/02/2025,Dumbbell Set,Sports,2,93.33,186.66
ORD-10154,CUST-1011,12/02/2025,Bluetooth Speaker,Electronics,1,33.97,33.97
ORD-10155,CUST-1038,13/02/2025,Dumbbell Set,Sports,1,83.24,83.24
ORD-10156,CUST-1129,13/02/2025,Coffee Maker,Home & Kitchen,1,20.26,20.26
ORD-10157,CUST-1130,14/02/2025,Blender,Home & Kitchen,1,18.15,18.15
ORD-10158,CUST-1112,14/02/2025,Coffee Maker,Home & Kitchen,1,54.05,54.05
ORD-10159,CUST-1100,15/02/2025,Dumbbell Set,Sports,1,144.05,144.05
ORD-10160,CUST-1112,15/02/2025,Water Bottle,Sports,2,96.4,192.8
ORD-10161,CUST-1080,15/02/2025,Skin Serum,Beauty,3,53.93,161.79
ORD-10162,CUST-1112,16/02/2025,Skin Serum,Beauty,1,60.95,60.95
ORD-10163,CUST-1001,16/02/2025,Skin Serum,Beauty,1,89.75,89.75
ORD-10164,CUST-1129,17/02/2025,Leather Jacket,Clothing,2,127.54,255.08
ORD-10165,CUST-1053,18/02/2025,Blender,Home & Kitchen,1,50.01,50.01
ORD-10166,CUST-1086,18/02/2025,Air Fryer,Home & Kitchen,1,61.23,61.23
ORD-10167,CUST-1128,18/02/2025,Skin Serum,Beauty,3,90.29,270.87
ORD-10168,CUST-1146,18/02/2025,Coffee Maker,Home & Kitchen,1,33.79,33.79
ORD-10169,CUST-1125,18/02/2025,Coffee Maker,Home & Kitchen,1,81,81
ORD-10170,CUST-1129,19/02/2025,Coffee Maker,Home & Kitchen,3,133.84,401.52
ORD-10171,CUST-1052,19/02/2025,Smart Watch,Electronics,1,113.66,113.66
ORD-10172,CUST-1067,19/02/2025,Skin Serum,Beauty,1,88.31,88.31
ORD-10173,CUST-1122,19/02/2025,Blender,Home & Kitchen,3,137.78,413.34
ORD-10174,CUST-1144,19/02/2025,Air Fryer,Home & Kitchen,1,132.45,132.45
ORD-10175,CUST-1037,20/02/2025,Dumbbell Set,Sports,2,31.85,63.7
ORD-10176,CUST-1023,20/02/2025,Wireless Headphones,Electronics,2,142.45,284.9
ORD-10177,CUST-1068,21/02/2025,Bluetooth Speaker,Electronics,1,147.43,147.43
ORD-10178,CUST-1115,21/02/2025,Perfume,Beauty,1,65.67,65.67
ORD-10179,CUST-1097,21/02/2025,Coffee Maker,Home & Kitchen,1,74.57,74.57
ORD-10180,CUST-1138,22/02/2025,Blender,Home & Kitchen,3,63.91,191.73
ORD-10181,CUST-1143,23/02/2025,Bluetooth Speaker,Electronics,2,76.56,153.12
ORD-10182,CUST-1096,24/02/2025,Makeup Kit,Beauty,1,94.84,94.84
ORD-10183,CUST-1123,24/02/2025,Water Bottle,Sports,1,29.75,29.75
ORD-10184,CUST-1069,25/02/2025,Skin Serum,Beauty,1,129.34,129.34
ORD-10185,CUST-1092,25/02/2025,Blender,Home & Kitchen,2,75.52,151.04
ORD-10186,CUST-1002,27/02/2025,Water Bottle,Sports,1,140.06,140.06
ORD-10187,CUST-1147,27/02/2025,Denim Jeans,Clothing,1,112.57,112.57
ORD-10188,CUST-1146,27/02/2025,Denim Jeans,Clothing,1,102,102
ORD-10189,CUST-1089,28/02/2025,Perfume,Beauty,1,113.96,113.96
ORD-10190,CUST-1146,28/02/2025,Smart Watch,Electronics,1,149.71,149.71
ORD-10191,CUST-1147,28/02/2025,Leather Jacket,Clothing,1,15.31,15.31
ORD-10192,CUST-1095,28/02/2025,Coffee Maker,Home & Kitchen,1,100.44,100.44
ORD-10193,CUST-1051,28/02/2025,Yoga Mat,Sports,2,118.8,237.6
ORD-10194,CUST-1127,01/03/2025,Bluetooth Speaker,Electronics,2,109.5,219
ORD-10195,CUST-1038,01/03/2025,Smart Watch,Electronics,1,70.02,70.02
ORD-10196,CUST-1081,01/03/2025,Blender,Home & Kitchen,1,100.33,100.33
ORD-10197,CUST-1103,01/03/2025,Yoga Mat,Sports,1,15.82,15.82
ORD-10198,CUST-1128,01/03/2025,Blender,Home & Kitchen,2,107.04,214.08
ORD-10199,CUST-1010,02/03/2025,Bluetooth Speaker,Electronics,2,47.7,95.4
ORD-10200,CUST-1041,02/03/2025,Perfume,Beauty,1,69.39,69.39
ORD-10201,CUST-1098,03/03/2025,Perfume,Beauty,1,123.47,123.47
ORD-10202,CUST-1006,03/03/2025,Air Fryer,Home & Kitchen,1,79.32,79.32
ORD-10203,CUST-1143,03/03/2025,Wireless Headphones,Electronics,1,147.16,147.16
ORD-10204,CUST-1089,03/03/2025,Water Bottle,Sports,1,102.46,102.46
ORD-10205,CUST-1111,04/03/2025,Bluetooth Speaker,Electronics,1,75.66,75.66
ORD-10206,CUST-1059,04/03/2025,Denim Jeans,Clothing,1,107.15,107.15
ORD-10207,CUST-1112,04/03/2025,Denim Jeans,Clothing,2,123.53,247.06
ORD-10208,CUST-1001,05/03/2025,Skin Serum,Beauty,3,112.29,336.87
ORD-10209,CUST-1128,05/03/2025,Makeup Kit,Beauty,1,134.07,134.07
ORD-10210,CUST-1047,06/03/2025,Running Shoes,Clothing,1,116.07,116.07
ORD-10211,CUST-1139,06/03/2025,Bluetooth Speaker,Electronics,1,120.71,120.71
ORD-10212,CUST-1036,06/03/2025,Denim Jeans,Clothing,2,23.46,46.92
ORD-10213,CUST-1008,07/03/2025,Leather Jacket,Clothing,1,141.96,141.96
ORD-10214,CUST-1098,07/03/2025,Water Bottle,Sports,2,32.54,65.08
ORD-10215,CUST-1146,07/03/2025,Bluetooth Speaker,Electronics,2,92.19,184.38
ORD-10216,CUST-1047,07/03/2025,Running Shoes,Clothing,3,72.02,216.06
ORD-10217,CUST-1130,08/03/2025,Makeup Kit,Beauty,1,107.75,107.75
ORD-10218,CUST-1147,08/03/2025,Leather Jacket,Clothing,1,100.42,100.42
ORD-10219,CUST-1053,09/03/2025,Running Shoes,Clothing,1,111.26,111.26
ORD-10220,CUST-1119,09/03/2025,Yoga Mat,Sports,3,117.74,353.22
ORD-10221,CUST-1115,09/03/2025,Bluetooth Speaker,Electronics,3,51.31,153.93
ORD-10222,CUST-1074,09/03/2025,Makeup Kit,Beauty,1,149.93,149.93
ORD-10223,CUST-1112,10/03/2025,Wireless Headphones,Electronics,1,66.99,66.99
ORD-10224,CUST-1103,10/03/2025,Bluetooth Speaker,Electronics,1,43.2,43.2
ORD-10225,CUST-1083,10/03/2025,Coffee Maker,Home & Kitchen,1,118.62,118.62
ORD-10226,CUST-1111,11/03/2025,Leather Jacket,Clothing,2,129.8,259.6
ORD-10227,CUST-1098,12/03/2025,Wireless Headphones,Electronics,2,113.62,227.24
ORD-10228,CUST-1092,13/03/2025,Wireless Headphones,Electronics,2,19.85,39.7
ORD-10229,CUST-1145,13/03/2025,Bluetooth Speaker,Electronics,1,114.51,114.51
ORD-10230,CUST-1127,13/03/2025,Skin Serum,Beauty,1,78.2,78.2
ORD-10231,CUST-1109,13/03/2025,Wireless Headphones,Electronics,1,64.65,64.65
ORD-10232,CUST-1081,13/03/2025,Wireless Headphones,Electronics,1,84.64,84.64
ORD-10233,CUST-1053,14/03/2025,Makeup Kit,Beauty,2,16.98,33.96
ORD-10234,CUST-1067,14/03/2025,Dumbbell Set,Sports,1,17.61,17.61
ORD-10235,CUST-1032,14/03/2025,Perfume,Beauty,1,81.54,81.54
ORD-10236,CUST-1141,14/03/2025,Smart Watch,Electronics,1,112.86,112.86
ORD-10237,CUST-1020,14/03/2025,Smart Watch,Electronics,1,106.47,106.47
ORD-10238,CUST-1047,14/03/2025,Makeup Kit,Beauty,2,119.34,238.68
ORD-10239,CUST-1147,15/03/2025,Perfume,Beauty,2,92.67,185.34
ORD-10240,CUST-1127,15/03/2025,Running Shoes,Clothing,1,64.64,64.64
ORD-10241,CUST-1135,16/03/2025,Dumbbell Set,Sports,1,59.83,59.83
ORD-10242,CUST-1134,17/03/2025,Wireless Headphones,Electronics,2,45.14,90.28
ORD-10243,CUST-1144,17/03/2025,Smart Watch,Electronics,1,91.69,91.69
ORD-10244,CUST-1127,17/03/2025,Yoga Mat,Sports,3,129.35,388.05
ORD-10245,CUST-1032,18/03/2025,Bluetooth Speaker,Electronics,2,96.83,193.66
ORD-10246,CUST-1114,18/03/2025,Dumbbell Set,Sports,1,136.43,136.43
ORD-10247,CUST-1118,18/03/2025,Yoga Mat,Sports,3,96.44,289.32
ORD-10248,CUST-1021,18/03/2025,Water Bottle,Sports,1,105.67,105.67
ORD-10249,CUST-1037,18/03/2025,Perfume,Beauty,3,47.29,141.87
ORD-10250,CUST-1108,19/03/2025,Perfume,Beauty,1,90.77,90.77
ORD-10251,CUST-1050,19/03/2025,Wireless Headphones,Electronics,1,41.44,41.44
ORD-10252,CUST-1007,20/03/2025,Leather Jacket,Clothing,1,120.48,120.48
ORD-10253,CUST-1026,20/03/2025,Water Bottle,Sports,1,124.5,124.5
ORD-10254,CUST-1026,20/03/2025,Makeup Kit,Beauty,1,101.78,101.78
ORD-10255,CUST-1020,20/03/2025,Wireless Headphones,Electronics,3,60.54,181.62
ORD-10256,CUST-1029,20/03/2025,Skin Serum,Beauty,2,110.54,221.08
ORD-10257,CUST-1096,21/03/2025,Denim Jeans,Clothing,1,16.06,16.06
ORD-10258,CUST-1027,21/03/2025,Skin Serum,Beauty,1,33.13,33.13
ORD-10259,CUST-1110,21/03/2025,Denim Jeans,Clothing,1,47.66,47.66
ORD-10260,CUST-1060,22/03/2025,Dumbbell Set,Sports,1,25.29,25.29
ORD-10261,CUST-1047,23/03/2025,Denim Jeans,Clothing,1,73.43,73.43
ORD-10262,CUST-1146,23/03/2025,Air Fryer,Home & Kitchen,2,79.98,159.96
ORD-10263,CUST-1003,23/03/2025,Water Bottle,Sports,1,33.49,33.49
ORD-10264,CUST-1034,23/03/2025,Coffee Maker,Home & Kitchen,1,67.9,67.9
ORD-10265,CUST-1048,23/03/2025,Perfume,Beauty,1,100.93,100.93
ORD-10266,CUST-1016,23/03/2025,Makeup Kit,Beauty,3,91.89,275.67
ORD-10267,CUST-1045,24/03/2025,Coffee Maker,Home & Kitchen,1,95.13,95.13
ORD-10268,CUST-1116,25/03/2025,Denim Jeans,Clothing,1,126.97,126.97
ORD-10269,CUST-1005,25/03/2025,Water Bottle,Sports,1,109.27,109.27
ORD-10270,CUST-1098,25/03/2025,Coffee Maker,Home & Kitchen,3,145.55,436.65
ORD-10271,CUST-1123,25/03/2025,Dumbbell Set,Sports,1,111.97,111.97
ORD-10272,CUST-1036,25/03/2025,Bluetooth Speaker,Electronics,1,36.96,36.96
ORD-10273,CUST-1023,25/03/2025,Denim Jeans,Clothing,2,96.41,192.82
ORD-10274,CUST-1092,25/03/2025,Dumbbell Set,Sports,2,65.89,131.78
ORD-10275,CUST-1045,26/03/2025,Perfume,Beauty,2,21.22,42.44
ORD-10276,CUST-1094,26/03/2025,Denim Jeans,Clothing,1,124.12,124.12
ORD-10277,CUST-1098,27/03/2025,Water Bottle,Sports,1,79.92,79.92
ORD-10278,CUST-1115,27/03/2025,Yoga Mat,Sports,1,54,54
ORD-10279,CUST-1066,27/03/2025,Air Fryer,Home & Kitchen,3,21.06,63.18
ORD-10280,CUST-1127,27/03/2025,Water Bottle,Sports,1,67.98,67.98
ORD-10281,CUST-1017,28/03/2025,Dumbbell Set,Sports,3,143.38,430.14
ORD-10282,CUST-1024,28/03/2025,Air Fryer,Home & Kitchen,1,121.32,121.32
ORD-10283,CUST-1053,28/03/2025,Skin Serum,Beauty,1,63.41,63.41
ORD-10284,CUST-1057,28/03/2025,Skin Serum,Beauty,1,40.87,40.87
ORD-10285,CUST-1066,29/03/2025,Water Bottle,Sports,1,44.82,44.82
ORD-10286,CUST-1103,29/03/2025,Wireless Headphones,Electronics,1,38.65,38.65
ORD-10287,CUST-1023,30/03/2025,Leather Jacket,Clothing,1,73.24,73.24
ORD-10288,CUST-1113,30/03/2025,Blender,Home & Kitchen,1,59.06,59.06
ORD-10289,CUST-1031,30/03/2025,Blender,Home & Kitchen,1,73.06,73.06
ORD-10290,CUST-1085,31/03/2025,Leather Jacket,Clothing,1,120.35,120.35
ORD-10291,CUST-1126,31/03/2025,Running Shoes,Clothing,1,42.6,42.6
ORD-10292,CUST-1129,31/03/2025,Bluetooth Speaker,Electronics,1,19.43,19.43
ORD-10293,CUST-1016,31/03/2025,Bluetooth Speaker,Electronics,1,142.01,142.01
ORD-10294,CUST-1103,02/04/2025,Yoga Mat,Sports,1,124.47,124.47
ORD-10295,CUST-1136,02/04/2025,Dumbbell Set,Sports,2,62.6,125.2
ORD-10296,CUST-1042,02/04/2025,Makeup Kit,Beauty,1,77.54,77.54
ORD-10297,CUST-1038,02/04/2025,Water Bottle,Sports,3,67.9,203.7
ORD-10298,CUST-1025,02/04/2025,Dumbbell Set,Sports,1,94.71,94.71
ORD-10299,CUST-1098,03/04/2025,Perfume,Beauty,1,112.62,112.62
ORD-10300,CUST-1049,03/04/2025,Yoga Mat,Sports,1,134.17,134.17
ORD-10301,CUST-1012,03/04/2025,Perfume,Beauty,2,101.49,202.98
ORD-10302,CUST-1059,03/04/2025,Wireless Headphones,Electronics,2,97.3,194.6
ORD-10303,CUST-1134,05/04/2025,Yoga Mat,Sports,1,51.64,51.64
ORD-10304,CUST-1056,05/04/2025,Smart Watch,Electronics,1,149.94,149.94
ORD-10305,CUST-1035,05/04/2025,Makeup Kit,Beauty,1,117.94,117.94
ORD-10306,CUST-1019,06/04/2025,Yoga Mat,Sports,1,70.95,70.95
ORD-10307,CUST-1064,06/04/2025,Denim Jeans,Clothing,1,51.32,51.32
ORD-10308,CUST-1007,06/04/2025,Wireless Headphones,Electronics,3,20.73,62.19
ORD-10309,CUST-1143,07/04/2025,Wireless Headphones,Electronics,1,55.04,55.04
ORD-10310,CUST-1141,07/04/2025,Bluetooth Speaker,Electronics,2,28.84,57.68
ORD-10311,CUST-1114,08/04/2025,Bluetooth Speaker,Electronics,1,64.85,64.85
ORD-10312,CUST-1142,08/04/2025,Bluetooth Speaker,Electronics,2,109.12,218.24
ORD-10313,CUST-1091,08/04/2025,Air Fryer,Home & Kitchen,3,108.77,326.31
ORD-10314,CUST-1097,09/04/2025,Dumbbell Set,Sports,1,19.17,19.17
ORD-10315,CUST-1065,09/04/2025,Wireless Headphones,Electronics,1,43.81,43.81
ORD-10316,CUST-1031,09/04/2025,Skin Serum,Beauty,2,109.66,219.32
ORD-10317,CUST-1085,10/04/2025,Makeup Kit,Beauty,1,89.16,89.16
ORD-10318,CUST-1050,10/04/2025,Bluetooth Speaker,Electronics,1,83.4,83.4
ORD-10319,CUST-1062,11/04/2025,Perfume,Beauty,1,120.59,120.59
ORD-10320,CUST-1124,11/04/2025,Air Fryer,Home & Kitchen,2,145.98,291.96
ORD-10321,CUST-1149,11/04/2025,Water Bottle,Sports,1,110.16,110.16
ORD-10322,CUST-1057,12/04/2025,Air Fryer,Home & Kitchen,1,145.55,145.55
ORD-10323,CUST-1057,12/04/2025,Coffee Maker,Home & Kitchen,1,111.99,111.99
ORD-10324,CUST-1085,12/04/2025,Dumbbell Set,Sports,1,68.53,68.53
ORD-10325,CUST-1048,12/04/2025,Blender,Home & Kitchen,2,36.23,72.46
ORD-10326,CUST-1069,12/04/2025,Makeup Kit,Beauty,1,125.22,125.22
ORD-10327,CUST-1014,12/04/2025,Wireless Headphones,Electronics,1,57.24,57.24
ORD-10328,CUST-1053,13/04/2025,Air Fryer,Home & Kitchen,2,137.32,274.64
ORD-10329,CUST-1100,13/04/2025,Leather Jacket,Clothing,1,53.83,53.83
ORD-10330,CUST-1007,13/04/2025,Coffee Maker,Home & Kitchen,1,98.87,98.87
ORD-10331,CUST-1052,14/04/2025,Wireless Headphones,Electronics,2,69.61,139.22
ORD-10332,CUST-1059,15/04/2025,Coffee Maker,Home & Kitchen,1,73.42,73.42
ORD-10333,CUST-1107,15/04/2025,Air Fryer,Home & Kitchen,1,22.64,22.64
ORD-10334,CUST-1004,15/04/2025,Skin Serum,Beauty,1,105.65,105.65
ORD-10335,CUST-1102,15/04/2025,Air Fryer,Home & Kitchen,1,148.7,148.7
ORD-10336,CUST-1005,16/04/2025,Running Shoes,Clothing,1,147.35,147.35
ORD-10337,CUST-1108,16/04/2025,Denim Jeans,Clothing,1,39.21,39.21
ORD-10338,CUST-1115,16/04/2025,Leather Jacket,Clothing,3,89.99,269.97
ORD-10339,CUST-1093,17/04/2025,Denim Jeans,Clothing,1,42.6,42.6
ORD-10340,CUST-1046,17/04/2025,Bluetooth Speaker,Electronics,1,42.72,42.72
ORD-10341,CUST-1098,17/04/2025,Bluetooth Speaker,Electronics,1,53.81,53.81
ORD-10342,CUST-1054,18/04/2025,Denim Jeans,Clothing,3,96.49,289.47
ORD-10343,CUST-1051,18/04/2025,Coffee Maker,Home & Kitchen,3,24.23,72.69
ORD-10344,CUST-1143,18/04/2025,Smart Watch,Electronics,1,76.83,76.83
ORD-10345,CUST-1012,18/04/2025,Blender,Home & Kitchen,1,101.62,101.62
ORD-10346,CUST-1113,18/04/2025,Air Fryer,Home & Kitchen,1,106.26,106.26
ORD-10347,CUST-1123,18/04/2025,Smart Watch,Electronics,1,51.6,51.6
ORD-10348,CUST-1105,19/04/2025,Perfume,Beauty,2,142.81,285.62
ORD-10349,CUST-1146,19/04/2025,Leather Jacket,Clothing,1,142.54,142.54
ORD-10350,CUST-1144,20/04/2025,Coffee Maker,Home & Kitchen,1,94.32,94.32
ORD-10351,CUST-1119,20/04/2025,Denim Jeans,Clothing,1,70.1,70.1
ORD-10352,CUST-1062,21/04/2025,Wireless Headphones,Electronics,1,49.17,49.17
ORD-10353,CUST-1018,21/04/2025,Makeup Kit,Beauty,3,68.87,206.61
ORD-10354,CUST-1091,21/04/2025,Dumbbell Set,Sports,1,105.78,105.78
ORD-10355,CUST-1057,22/04/2025,Smart Watch,Electronics,1,73.53,73.53
ORD-10356,CUST-1089,23/04/2025,Blender,Home & Kitchen,1,123.97,123.97
ORD-10357,CUST-1116,23/04/2025,Skin Serum,Beauty,1,74.18,74.18
ORD-10358,CUST-1061,23/04/2025,Coffee Maker,Home & Kitchen,1,105.54,105.54
ORD-10359,CUST-1022,24/04/2025,Leather Jacket,Clothing,1,41.9,41.9
ORD-10360,CUST-1126,24/04/2025,Makeup Kit,Beauty,1,63.06,63.06
ORD-10361,CUST-1136,24/04/2025,Water Bottle,Sports,1,23.44,23.44
ORD-10362,CUST-1139,24/04/2025,Dumbbell Set,Sports,2,96.91,193.82
ORD-10363,CUST-1128,25/04/2025,Air Fryer,Home & Kitchen,1,59.96,59.96
ORD-10364,CUST-1057,25/04/2025,Denim Jeans,Clothing,1,81.62,81.62
ORD-10365,CUST-1121,26/04/2025,Dumbbell Set,Sports,1,84.34,84.34
ORD-10366,CUST-1000,26/04/2025,Air Fryer,Home & Kitchen,1,119.05,119.05
ORD-10367,CUST-1033,26/04/2025,Wireless Headphones,Electronics,1,122.96,122.96
ORD-10368,CUST-1095,27/04/2025,Wireless Headphones,Electronics,2,104.97,209.94
ORD-10369,CUST-1125,27/04/2025,Coffee Maker,Home & Kitchen,1,132.95,132.95
ORD-10370,CUST-1117,27/04/2025,Air Fryer,Home & Kitchen,1,74.74,74.74
ORD-10371,CUST-1047,27/04/2025,Makeup Kit,Beauty,3,23.64,70.92
ORD-10372,CUST-1088,27/04/2025,Running Shoes,Clothing,1,74.93,74.93
ORD-10373,CUST-1116,27/04/2025,Wireless Headphones,Electronics,1,82.86,82.86
ORD-10374,CUST-1128,28/04/2025,Water Bottle,Sports,1,140.16,140.16
ORD-10375,CUST-1015,28/04/2025,Bluetooth Speaker,Electronics,2,16.55,33.1
ORD-10376,CUST-1068,28/04/2025,Wireless Headphones,Electronics,3,30.1,90.3
ORD-10377,CUST-1021,28/04/2025,Yoga Mat,Sports,2,142.24,284.48
ORD-10378,CUST-1092,29/04/2025,Running Shoes,Clothing,2,126.58,253.16
ORD-10379,CUST-1075,29/04/2025,Blender,Home & Kitchen,2,16.08,32.16
ORD-10380,CUST-1143,29/04/2025,Makeup Kit,Beauty,1,87.3,87.3
ORD-10381,CUST-1085,29/04/2025,Yoga Mat,Sports,1,126.86,126.86
ORD-10382,CUST-1028,29/04/2025,Wireless Headphones,Electronics,1,138.36,138.36
ORD-10383,CUST-1068,29/04/2025,Dumbbell Set,Sports,1,83.26,83.26
ORD-10384,CUST-1046,30/04/2025,Wireless Headphones,Electronics,1,68.02,68.02
ORD-10385,CUST-1093,30/04/2025,Coffee Maker,Home & Kitchen,1,41.17,41.17
ORD-10386,CUST-1143,30/04/2025,Dumbbell Set,Sports,2,61.55,123.1
ORD-10387,CUST-1084,30/04/2025,Air Fryer,Home & Kitchen,1,97.42,97.42
ORD-10388,CUST-1038,01/05/2025,Water Bottle,Sports,1,39.2,39.2
ORD-10389,CUST-1099,01/05/2025,Makeup Kit,Beauty,1,73,73
ORD-10390,CUST-1032,01/05/2025,Dumbbell Set,Sports,1,121.57,121.57
ORD-10391,CUST-1100,01/05/2025,Smart Watch,Electronics,1,37.38,37.38
ORD-10392,CUST-1022,02/05/2025,Running Shoes,Clothing,1,62.83,62.83
ORD-10393,CUST-1009,02/05/2025,Makeup Kit,Beauty,1,85.1,85.1
ORD-10394,CUST-1068,02/05/2025,Makeup Kit,Beauty,1,22.79,22.79
ORD-10395,CUST-1099,03/05/2025,Air Fryer,Home & Kitchen,1,144.58,144.58
ORD-10396,CUST-1033,03/05/2025,Coffee Maker,Home & Kitchen,1,116.77,116.77
ORD-10397,CUST-1137,04/05/2025,Bluetooth Speaker,Electronics,1,70.6,70.6
ORD-10398,CUST-1146,04/05/2025,Leather Jacket,Clothing,1,59.22,59.22
ORD-10399,CUST-1095,04/05/2025,Dumbbell Set,Sports,1,17.99,17.99
ORD-10400,CUST-1000,04/05/2025,Yoga Mat,Sports,1,140.97,140.97
ORD-10401,CUST-1068,05/05/2025,Leather Jacket,Clothing,1,67.9,67.9
ORD-10402,CUST-1003,05/05/2025,Bluetooth Speaker,Electronics,1,83.55,83.55
ORD-10403,CUST-1015,05/05/2025,Yoga Mat,Sports,1,122.02,122.02
ORD-10404,CUST-1023,06/05/2025,Bluetooth Speaker,Electronics,1,90.69,90.69
ORD-10405,CUST-1079,06/05/2025,Water Bottle,Sports,1,49.19,49.19
ORD-10406,CUST-1001,06/05/2025,Smart Watch,Electronics,2,87.31,174.62
ORD-10407,CUST-1127,07/05/2025,Wireless Headphones,Electronics,2,128.85,257.7
ORD-10408,CUST-1083,08/05/2025,Blender,Home & Kitchen,1,86.76,86.76
ORD-10409,CUST-1139,09/05/2025,Water Bottle,Sports,2,69.62,139.24
ORD-10410,CUST-1123,09/05/2025,Blender,Home & Kitchen,1,67.36,67.36
ORD-10411,CUST-1032,09/05/2025,Running Shoes,Clothing,1,43.07,43.07
ORD-10412,CUST-1100,10/05/2025,Makeup Kit,Beauty,1,145.69,145.69
ORD-10413,CUST-1011,10/05/2025,Skin Serum,Beauty,3,75.81,227.43
ORD-10414,CUST-1066,10/05/2025,Yoga Mat,Sports,3,46.26,138.78
ORD-10415,CUST-1064,10/05/2025,Water Bottle,Sports,1,75.26,75.26
ORD-10416,CUST-1073,10/05/2025,Air Fryer,Home & Kitchen,2,97.14,194.28
ORD-10417,CUST-1042,10/05/2025,Makeup Kit,Beauty,1,21.12,21.12
ORD-10418,CUST-1043,10/05/2025,Blender,Home & Kitchen,1,127.23,127.23
ORD-10419,CUST-1028,10/05/2025,Wireless Headphones,Electronics,1,123.61,123.61
ORD-10420,CUST-1140,10/05/2025,Water Bottle,Sports,1,93.44,93.44
ORD-10421,CUST-1011,11/05/2025,Smart Watch,Electronics,1,85.34,85.34
ORD-10422,CUST-1094,11/05/2025,Leather Jacket,Clothing,1,42.98,42.98
ORD-10423,CUST-1045,11/05/2025,Skin Serum,Beauty,1,104.44,104.44
ORD-10424,CUST-1129,12/05/2025,Perfume,Beauty,2,137.61,275.22
ORD-10425,CUST-1034,12/05/2025,Coffee Maker,Home & Kitchen,1,135.03,135.03
ORD-10426,CUST-1080,13/05/2025,Yoga Mat,Sports,1,36.12,36.12
ORD-10427,CUST-1089,13/05/2025,Leather Jacket,Clothing,2,51.58,103.16
ORD-10428,CUST-1007,13/05/2025,Coffee Maker,Home & Kitchen,1,44.01,44.01
ORD-10429,CUST-1092,13/05/2025,Perfume,Beauty,1,40.37,40.37
ORD-10430,CUST-1089,13/05/2025,Smart Watch,Electronics,1,66.68,66.68
ORD-10431,CUST-1114,14/05/2025,Running Shoes,Clothing,1,122.49,122.49
ORD-10432,CUST-1104,14/05/2025,Bluetooth Speaker,Electronics,1,116.01,116.01
ORD-10433,CUST-1134,15/05/2025,Yoga Mat,Sports,1,126.5,126.5
ORD-10434,CUST-1057,16/05/2025,Dumbbell Set,Sports,1,103.39,103.39
ORD-10435,CUST-1113,16/05/2025,Running Shoes,Clothing,2,125.92,251.84
ORD-10436,CUST-1074,16/05/2025,Perfume,Beauty,1,64.73,64.73
ORD-10437,CUST-1119,16/05/2025,Skin Serum,Beauty,1,50.64,50.64
ORD-10438,CUST-1020,16/05/2025,Yoga Mat,Sports,2,126.28,252.56
ORD-10439,CUST-1137,17/05/2025,Perfume,Beauty,1,58.61,58.61
ORD-10440,CUST-1100,18/05/2025,Blender,Home & Kitchen,3,149.48,448.44
ORD-10441,CUST-1098,18/05/2025,Denim Jeans,Clothing,2,124.72,249.44
ORD-10442,CUST-1035,18/05/2025,Dumbbell Set,Sports,1,149.85,149.85
ORD-10443,CUST-1095,19/05/2025,Coffee Maker,Home & Kitchen,2,123.9,247.8
ORD-10444,CUST-1036,20/05/2025,Running Shoes,Clothing,3,47.6,142.8
ORD-10445,CUST-1011,20/05/2025,Yoga Mat,Sports,1,18.03,18.03
ORD-10446,CUST-1112,21/05/2025,Coffee Maker,Home & Kitchen,2,91.43,182.86
ORD-10447,CUST-1012,21/05/2025,Skin Serum,Beauty,1,16.94,16.94
ORD-10448,CUST-1022,21/05/2025,Leather Jacket,Clothing,2,20.26,40.52
ORD-10449,CUST-1098,21/05/2025,Air Fryer,Home & Kitchen,1,99.32,99.32
ORD-10450,CUST-1104,21/05/2025,Yoga Mat,Sports,1,93.43,93.43
ORD-10451,CUST-1029,22/05/2025,Yoga Mat,Sports,2,74.71,149.42
ORD-10452,CUST-1016,22/05/2025,Leather Jacket,Clothing,1,45.9,45.9
ORD-10453,CUST-1112,22/05/2025,Blender,Home & Kitchen,3,140.43,421.29
ORD-10454,CUST-1061,23/05/2025,Skin Serum,Beauty,1,78.35,78.35
ORD-10455,CUST-1083,23/05/2025,Dumbbell Set,Sports,1,123.6,123.6
ORD-10456,CUST-1111,23/05/2025,Perfume,Beauty,1,22.2,22.2
ORD-10457,CUST-1085,23/05/2025,Coffee Maker,Home & Kitchen,1,106.47,106.47
ORD-10458,CUST-1140,23/05/2025,Running Shoes,Clothing,3,100.27,300.81
ORD-10459,CUST-1018,24/05/2025,Bluetooth Speaker,Electronics,1,102.57,102.57
ORD-10460,CUST-1099,24/05/2025,Denim Jeans,Clothing,1,100.85,100.85
ORD-10461,CUST-1139,25/05/2025,Skin Serum,Beauty,1,110.19,110.19
ORD-10462,CUST-1146,25/05/2025,Running Shoes,Clothing,1,143.08,143.08
ORD-10463,CUST-1075,25/05/2025,Denim Jeans,Clothing,2,97.31,194.62
ORD-10464,CUST-1008,25/05/2025,Blender,Home & Kitchen,2,123.38,246.76
ORD-10465,CUST-1027,25/05/2025,Air Fryer,Home & Kitchen,1,35.75,35.75
ORD-10466,CUST-1127,26/05/2025,Yoga Mat,Sports,1,139.38,139.38
ORD-10467,CUST-1051,26/05/2025,Running Shoes,Clothing,1,62.91,62.91
ORD-10468,CUST-1082,26/05/2025,Skin Serum,Beauty,1,26.42,26.42
ORD-10469,CUST-1110,26/05/2025,Makeup Kit,Beauty,2,103.97,207.94
ORD-10470,CUST-1143,26/05/2025,Water Bottle,Sports,2,41.55,83.1
ORD-10471,CUST-1116,27/05/2025,Water Bottle,Sports,1,123.36,123.36
ORD-10472,CUST-1068,27/05/2025,Blender,Home & Kitchen,1,136.14,136.14
ORD-10473,CUST-1098,27/05/2025,Bluetooth Speaker,Electronics,2,23.42,46.84
ORD-10474,CUST-1139,27/05/2025,Makeup Kit,Beauty,1,68.45,68.45
ORD-10475,CUST-1024,28/05/2025,Smart Watch,Electronics,3,26.49,79.47
ORD-10476,CUST-1122,28/05/2025,Air Fryer,Home & Kitchen,1,43.46,43.46
ORD-10477,CUST-1052,28/05/2025,Running Shoes,Clothing,1,51.26,51.26
ORD-10478,CUST-1143,29/05/2025,Running Shoes,Clothing,1,146.37,146.37
ORD-10479,CUST-1056,29/05/2025,Bluetooth Speaker,Electronics,2,59.04,118.08
ORD-10480,CUST-1038,29/05/2025,Dumbbell Set,Sports,1,126.59,126.59
ORD-10481,CUST-1108,29/05/2025,Skin Serum,Beauty,1,55.83,55.83
ORD-10482,CUST-1041,29/05/2025,Skin Serum,Beauty,1,136.26,136.26
ORD-10483,CUST-1141,29/05/2025,Denim Jeans,Clothing,2,35.91,71.82
ORD-10484,CUST-1121,29/05/2025,Running Shoes,Clothing,1,91.06,91.06
ORD-10485,CUST-1132,29/05/2025,Dumbbell Set,Sports,2,55.99,111.98
ORD-10486,CUST-1074,30/05/2025,Air Fryer,Home & Kitchen,2,74.64,149.28
ORD-10487,CUST-1145,30/05/2025,Leather Jacket,Clothing,2,53.06,106.12
ORD-10488,CUST-1075,30/05/2025,Leather Jacket,Clothing,1,61.85,61.85
ORD-10489,CUST-1008,30/05/2025,Running Shoes,Clothing,3,104.67,314.01
ORD-10490,CUST-1073,31/05/2025,Running Shoes,Clothing,1,32.06,32.06
ORD-10491,CUST-1144,31/05/2025,Yoga Mat,Sports,2,141.96,283.92
ORD-10492,CUST-1006,31/05/2025,Running Shoes,Clothing,1,78.57,78.57
ORD-10493,CUST-1140,31/05/2025,Bluetooth Speaker,Electronics,1,107.75,107.75
ORD-10494,CUST-1136,01/06/2025,Makeup Kit,Beauty,1,122.96,122.96
ORD-10495,CUST-1026,01/06/2025,Makeup Kit,Beauty,2,32.01,64.02
ORD-10496,CUST-1121,01/06/2025,Yoga Mat,Sports,3,38.69,116.07
ORD-10497,CUST-1004,01/06/2025,Coffee Maker,Home & Kitchen,1,81.1,81.1
ORD-10498,CUST-1028,01/06/2025,Makeup Kit,Beauty,3,115.12,345.36
ORD-10499,CUST-1082,02/06/2025,Air Fryer,Home & Kitchen,1,130.38,130.38
ORD-10500,CUST-1135,02/06/2025,Dumbbell Set,Sports,2,81.25,162.5
ORD-10501,CUST-1108,02/06/2025,Denim Jeans,Clothing,1,92.84,92.84
ORD-10502,CUST-1064,02/06/2025,Smart Watch,Electronics,1,122.69,122.69
ORD-10503,CUST-1085,02/06/2025,Blender,Home & Kitchen,1,113.48,113.48
ORD-10504,CUST-1144,03/06/2025,Water Bottle,Sports,1,148.45,148.45
ORD-10505,CUST-1070,03/06/2025,Bluetooth Speaker,Electronics,1,133,133
ORD-10506,CUST-1044,03/06/2025,Skin Serum,Beauty,1,96.04,96.04
ORD-10507,CUST-1131,03/06/2025,Wireless Headphones,Electronics,1,50.82,50.82
ORD-10508,CUST-1035,04/06/2025,Bluetooth Speaker,Electronics,1,54.68,54.68
ORD-10509,CUST-1069,04/06/2025,Running Shoes,Clothing,1,54.35,54.35
ORD-10510,CUST-1018,04/06/2025,Air Fryer,Home & Kitchen,2,94.64,189.28
ORD-10511,CUST-1107,05/06/2025,Yoga Mat,Sports,2,109.84,219.68
ORD-10512,CUST-1090,05/06/2025,Denim Jeans,Clothing,1,95.58,95.58
ORD-10513,CUST-1089,05/06/2025,Dumbbell Set,Sports,1,126.72,126.72
ORD-10514,CUST-1018,06/06/2025,Water Bottle,Sports,1,42.6,42.6
ORD-10515,CUST-1038,06/06/2025,Bluetooth Speaker,Electronics,1,137.93,137.93
ORD-10516,CUST-1125,06/06/2025,Running Shoes,Clothing,1,99.55,99.55
ORD-10517,CUST-1140,07/06/2025,Wireless Headphones,Electronics,1,128.29,128.29
ORD-10518,CUST-1125,07/06/2025,Bluetooth Speaker,Electronics,2,44.09,88.18
ORD-10519,CUST-1057,07/06/2025,Skin Serum,Beauty,2,138.52,277.04
ORD-10520,CUST-1147,07/06/2025,Air Fryer,Home & Kitchen,1,97.45,97.45
ORD-10521,CUST-1060,07/06/2025,Denim Jeans,Clothing,1,91.74,91.74
ORD-10522,CUST-1126,07/06/2025,Wireless Headphones,Electronics,1,106.45,106.45
ORD-10523,CUST-1104,08/06/2025,Water Bottle,Sports,3,64.39,193.17
ORD-10524,CUST-1000,08/06/2025,Yoga Mat,Sports,2,85.84,171.68
ORD-10525,CUST-1130,08/06/2025,Wireless Headphones,Electronics,1,61.59,61.59
ORD-10526,CUST-1091,08/06/2025,Wireless Headphones,Electronics,3,105.16,315.48
ORD-10527,CUST-1112,09/06/2025,Blender,Home & Kitchen,1,97.55,97.55
ORD-10528,CUST-1055,09/06/2025,Air Fryer,Home & Kitchen,1,98.65,98.65
ORD-10529,CUST-1116,09/06/2025,Water Bottle,Sports,1,62.31,62.31
ORD-10530,CUST-1133,09/06/2025,Bluetooth Speaker,Electronics,1,76.51,76.51
ORD-10531,CUST-1057,09/06/2025,Leather Jacket,Clothing,2,99.06,198.12
ORD-10532,CUST-1043,09/06/2025,Air Fryer,Home & Kitchen,1,34.2,34.2
ORD-10533,CUST-1060,09/06/2025,Coffee Maker,Home & Kitchen,1,148.88,148.88
ORD-10534,CUST-1046,09/06/2025,Bluetooth Speaker,Electronics,3,141.76,425.28
ORD-10535,CUST-1148,10/06/2025,Denim Jeans,Clothing,1,27.47,27.47
ORD-10536,CUST-1079,10/06/2025,Makeup Kit,Beauty,1,145.69,145.69
ORD-10537,CUST-1117,10/06/2025,Bluetooth Speaker,Electronics,1,48.3,48.3
ORD-10538,CUST-1146,10/06/2025,Leather Jacket,Clothing,2,116.77,233.54
ORD-10539,CUST-1019,10/06/2025,Running Shoes,Clothing,3,125.35,376.05
ORD-10540,CUST-1145,10/06/2025,Running Shoes,Clothing,1,15.93,15.93
ORD-10541,CUST-1046,11/06/2025,Skin Serum,Beauty,1,70.51,70.51
ORD-10542,CUST-1048,12/06/2025,Running Shoes,Clothing,2,135.9,271.8
ORD-10543,CUST-1013,12/06/2025,Makeup Kit,Beauty,1,29.45,29.45
ORD-10544,CUST-1142,12/06/2025,Smart Watch,Electronics,1,61.18,61.18
ORD-10545,CUST-1000,12/06/2025,Wireless Headphones,Electronics,2,38.4,76.8
ORD-10546,CUST-1116,13/06/2025,Yoga Mat,Sports,1,107.09,107.09
ORD-10547,CUST-1053,13/06/2025,Denim Jeans,Clothing,1,114.07,114.07
ORD-10548,CUST-1117,13/06/2025,Wireless Headphones,Electronics,1,67.67,67.67
ORD-10549,CUST-1002,13/06/2025,Bluetooth Speaker,Electronics,1,113.96,113.96
ORD-10550,CUST-1143,13/06/2025,Makeup Kit,Beauty,3,125.83,377.49
ORD-10551,CUST-1011,13/06/2025,Air Fryer,Home & Kitchen,1,142.26,142.26
ORD-10552,CUST-1073,13/06/2025,Coffee Maker,Home & Kitchen,2,28.33,56.66
ORD-10553,CUST-1015,14/06/2025,Water Bottle,Sports,1,27.44,27.44
ORD-10554,CUST-1101,15/06/2025,Yoga Mat,Sports,1,95.3,95.3
ORD-10555,CUST-1116,15/06/2025,Bluetooth Speaker,Electronics,1,86.86,86.86
ORD-10556,CUST-1007,15/06/2025,Makeup Kit,Beauty,1,91.68,91.68
ORD-10557,CUST-1121,15/06/2025,Yoga Mat,Sports,2,147.78,295.56
ORD-10558,CUST-1091,16/06/2025,Bluetooth Speaker,Electronics,3,73.22,219.66
ORD-10559,CUST-1089,16/06/2025,Running Shoes,Clothing,1,18.68,18.68
ORD-10560,CUST-1135,16/06/2025,Bluetooth Speaker,Electronics,1,148.57,148.57
ORD-10561,CUST-1059,17/06/2025,Wireless Headphones,Electronics,1,107.98,107.98
ORD-10562,CUST-1027,18/06/2025,Leather Jacket,Clothing,2,25.32,50.64
ORD-10563,CUST-1100,18/06/2025,Coffee Maker,Home & Kitchen,2,36.37,72.74
ORD-10564,CUST-1040,18/06/2025,Wireless Headphones,Electronics,1,36.06,36.06
ORD-10565,CUST-1144,19/06/2025,Smart Watch,Electronics,3,91.37,274.11
ORD-10566,CUST-1140,19/06/2025,Water Bottle,Sports,2,66.92,133.84
ORD-10567,CUST-1045,19/06/2025,Bluetooth Speaker,Electronics,1,140.89,140.89
ORD-10568,CUST-1034,19/06/2025,Dumbbell Set,Sports,1,71.8,71.8
ORD-10569,CUST-1133,20/06/2025,Denim Jeans,Clothing,3,57.09,171.27
ORD-10570,CUST-1081,20/06/2025,Air Fryer,Home & Kitchen,3,90.9,272.7
ORD-10571,CUST-1114,20/06/2025,Water Bottle,Sports,1,30.71,30.71
ORD-10572,CUST-1046,21/06/2025,Blender,Home & Kitchen,3,104.34,313.02
ORD-10573,CUST-1009,21/06/2025,Bluetooth Speaker,Electronics,1,89.34,89.34
ORD-10574,CUST-1055,21/06/2025,Leather Jacket,Clothing,1,136.4,136.4
ORD-10575,CUST-1029,22/06/2025,Leather Jacket,Clothing,1,116.25,116.25
ORD-10576,CUST-1108,22/06/2025,Denim Jeans,Clothing,1,44.29,44.29
ORD-10577,CUST-1004,22/06/2025,Makeup Kit,Beauty,1,137.48,137.48
ORD-10578,CUST-1118,22/06/2025,Skin Serum,Beauty,1,84.97,84.97
ORD-10579,CUST-1032,22/06/2025,Running Shoes,Clothing,1,57.89,57.89
ORD-10580,CUST-1117,23/06/2025,Blender,Home & Kitchen,3,44.76,134.28
ORD-10581,CUST-1064,23/06/2025,Makeup Kit,Beauty,1,57.74,57.74
ORD-10582,CUST-1145,23/06/2025,Air Fryer,Home & Kitchen,2,86.72,173.44
ORD-10583,CUST-1010,24/06/2025,Yoga Mat,Sports,1,113.75,113.75
ORD-10584,CUST-1084,24/06/2025,Air Fryer,Home & Kitchen,1,127.45,127.45
ORD-10585,CUST-1025,24/06/2025,Leather Jacket,Clothing,1,66.17,66.17
ORD-10586,CUST-1062,24/06/2025,Denim Jeans,Clothing,1,88.91,88.91
ORD-10587,CUST-1085,24/06/2025,Wireless Headphones,Electronics,3,44.05,132.15
ORD-10588,CUST-1058,25/06/2025,Blender,Home & Kitchen,1,15.86,15.86
ORD-10589,CUST-1026,25/06/2025,Bluetooth Speaker,Electronics,1,113.33,113.33
ORD-10590,CUST-1097,25/06/2025,Dumbbell Set,Sports,2,74.48,148.96
ORD-10591,CUST-1104,26/06/2025,Smart Watch,Electronics,2,50.9,101.8
ORD-10592,CUST-1098,26/06/2025,Air Fryer,Home & Kitchen,1,96.48,96.48
ORD-10593,CUST-1128,26/06/2025,Smart Watch,Electronics,1,141.7,141.7
ORD-10594,CUST-1148,27/06/2025,Running Shoes,Clothing,2,71.68,143.36
ORD-10595,CUST-1054,27/06/2025,Makeup Kit,Beauty,1,36.63,36.63
ORD-10596,CUST-1005,27/06/2025,Water Bottle,Sports,2,136.23,272.46
ORD-10597,CUST-1094,27/06/2025,Smart Watch,Electronics,1,28.53,28.53
ORD-10598,CUST-1132,27/06/2025,Wireless Headphones,Electronics,1,96.33,96.33
ORD-10599,CUST-1101,28/06/2025,Denim Jeans,Clothing,1,18.2,18.2
ORD-10600,CUST-1002,28/06/2025,Dumbbell Set,Sports,3,33.29,99.87
ORD-10601,CUST-1022,29/06/2025,Leather Jacket,Clothing,1,21.83,21.83
ORD-10602,CUST-1052,30/06/2025,Coffee Maker,Home & Kitchen,1,130.82,130.82
ORD-10603,CUST-1082,30/06/2025,Air Fryer,Home & Kitchen,3,120.52,361.56
ORD-10604,CUST-1144,30/06/2025,Blender,Home & Kitchen,1,109.19,109.19
ORD-10605,CUST-1084,30/06/2025,Skin Serum,Beauty,1,15.84,15.84
ORD-10606,CUST-1077,30/06/2025,Running Shoes,Clothing,1,91.42,91.42
ORD-10607,CUST-1109,02/07/2025,Skin Serum,Beauty,2,123.76,247.52
ORD-10608,CUST-1000,02/07/2025,Yoga Mat,Sports,1,125.34,125.34
ORD-10609,CUST-1050,02/07/2025,Dumbbell Set,Sports,1,75.76,75.76
ORD-10610,CUST-1003,02/07/2025,Water Bottle,Sports,2,26.28,52.56
ORD-10611,CUST-1112,02/07/2025,Running Shoes,Clothing,1,81.49,81.49
ORD-10612,CUST-1031,03/07/2025,Yoga Mat,Sports,1,68.27,68.27
ORD-10613,CUST-1033,03/07/2025,Makeup Kit,Beauty,1,43.16,43.16
ORD-10614,CUST-1091,04/07/2025,Water Bottle,Sports,3,88.9,266.7
ORD-10615,CUST-1094,04/07/2025,Smart Watch,Electronics,1,70.04,70.04
ORD-10616,CUST-1071,05/07/2025,Leather Jacket,Clothing,2,93.95,187.9
ORD-10617,CUST-1038,05/07/2025,Blender,Home & Kitchen,2,48.28,96.56
ORD-10618,CUST-1117,06/07/2025,Dumbbell Set,Sports,1,57.11,57.11
ORD-10619,CUST-1002,07/07/2025,Bluetooth Speaker,Electronics,1,102.49,102.49
ORD-10620,CUST-1122,07/07/2025,Makeup Kit,Beauty,2,34.05,68.1
ORD-10621,CUST-1049,07/07/2025,Perfume,Beauty,1,36.1,36.1
ORD-10622,CUST-1011,07/07/2025,Coffee Maker,Home & Kitchen,1,19.72,19.72
ORD-10623,CUST-1053,07/07/2025,Perfume,Beauty,1,75.01,75.01
ORD-10624,CUST-1132,07/07/2025,Makeup Kit,Beauty,1,62.49,62.49
ORD-10625,CUST-1056,08/07/2025,Coffee Maker,Home & Kitchen,1,101.12,101.12
ORD-10626,CUST-1144,09/07/2025,Dumbbell Set,Sports,1,75.27,75.27
ORD-10627,CUST-1111,09/07/2025,Leather Jacket,Clothing,1,102.06,102.06
ORD-10628,CUST-1046,09/07/2025,Water Bottle,Sports,1,126.14,126.14
ORD-10629,CUST-1084,10/07/2025,Water Bottle,Sports,1,125.48,125.48
ORD-10630,CUST-1141,10/07/2025,Wireless Headphones,Electronics,1,41.33,41.33
ORD-10631,CUST-1065,10/07/2025,Skin Serum,Beauty,2,49.16,98.32
ORD-10632,CUST-1074,10/07/2025,Makeup Kit,Beauty,1,147.19,147.19
ORD-10633,CUST-1102,11/07/2025,Blender,Home & Kitchen,2,58.78,117.56
ORD-10634,CUST-1037,11/07/2025,Running Shoes,Clothing,1,96.43,96.43
ORD-10635,CUST-1049,11/07/2025,Denim Jeans,Clothing,1,52.25,52.25
ORD-10636,CUST-1097,11/07/2025,Wireless Headphones,Electronics,1,142.31,142.31
ORD-10637,CUST-1081,12/07/2025,Wireless Headphones,Electronics,1,103.05,103.05
ORD-10638,CUST-1029,12/07/2025,Dumbbell Set,Sports,1,96.81,96.81
ORD-10639,CUST-1078,12/07/2025,Perfume,Beauty,1,114.11,114.11
ORD-10640,CUST-1090,13/07/2025,Denim Jeans,Clothing,1,70.54,70.54
ORD-10641,CUST-1051,14/07/2025,Smart Watch,Electronics,1,26.02,26.02
ORD-10642,CUST-1078,14/07/2025,Running Shoes,Clothing,1,72.56,72.56
ORD-10643,CUST-1029,14/07/2025,Perfume,Beauty,1,104.62,104.62
ORD-10644,CUST-1105,15/07/2025,Leather Jacket,Clothing,2,94.92,189.84
ORD-10645,CUST-1050,15/07/2025,Skin Serum,Beauty,1,63.97,63.97
ORD-10646,CUST-1080,15/07/2025,Dumbbell Set,Sports,1,123.03,123.03
ORD-10647,CUST-1132,15/07/2025,Denim Jeans,Clothing,1,111.49,111.49
ORD-10648,CUST-1028,17/07/2025,Perfume,Beauty,1,109.21,109.21
ORD-10649,CUST-1131,17/07/2025,Skin Serum,Beauty,1,128.07,128.07
ORD-10650,CUST-1137,18/07/2025,Perfume,Beauty,1,49.24,49.24
ORD-10651,CUST-1144,18/07/2025,Water Bottle,Sports,1,139.78,139.78
ORD-10652,CUST-1073,18/07/2025,Water Bottle,Sports,1,17.19,17.19
ORD-10653,CUST-1016,19/07/2025,Skin Serum,Beauty,1,90.14,90.14
ORD-10654,CUST-1083,19/07/2025,Skin Serum,Beauty,2,138.98,277.96
ORD-10655,CUST-1068,19/07/2025,Leather Jacket,Clothing,1,69.27,69.27
ORD-10656,CUST-1033,21/07/2025,Air Fryer,Home & Kitchen,1,15,15
ORD-10657,CUST-1005,21/07/2025,Coffee Maker,Home & Kitchen,1,35.01,35.01
ORD-10658,CUST-1052,21/07/2025,Water Bottle,Sports,2,136.34,272.68
ORD-10659,CUST-1125,22/07/2025,Dumbbell Set,Sports,2,66.85,133.7
ORD-10660,CUST-1042,22/07/2025,Leather Jacket,Clothing,3,45.47,136.41
ORD-10661,CUST-1114,22/07/2025,Bluetooth Speaker,Electronics,1,127.01,127.01
ORD-10662,CUST-1110,23/07/2025,Coffee Maker,Home & Kitchen,1,23.88,23.88
ORD-10663,CUST-1079,23/07/2025,Perfume,Beauty,1,58.2,58.2
ORD-10664,CUST-1094,23/07/2025,Water Bottle,Sports,1,81.02,81.02
ORD-10665,CUST-1117,24/07/2025,Perfume,Beauty,1,108.78,108.78
ORD-10666,CUST-1143,25/07/2025,Bluetooth Speaker,Electronics,2,104.99,209.98
ORD-10667,CUST-1007,25/07/2025,Skin Serum,Beauty,1,123.55,123.55
ORD-10668,CUST-1131,25/07/2025,Air Fryer,Home & Kitchen,3,27.49,82.47
ORD-10669,CUST-1103,25/07/2025,Coffee Maker,Home & Kitchen,1,118.61,118.61
ORD-10670,CUST-1131,26/07/2025,Makeup Kit,Beauty,1,129.74,129.74
ORD-10671,CUST-1024,26/07/2025,Air Fryer,Home & Kitchen,1,53.11,53.11
ORD-10672,CUST-1095,27/07/2025,Coffee Maker,Home & Kitchen,1,26.61,26.61
ORD-10673,CUST-1092,27/07/2025,Blender,Home & Kitchen,3,79.01,237.03
ORD-10674,CUST-1060,27/07/2025,Air Fryer,Home & Kitchen,1,140.89,140.89
ORD-10675,CUST-1121,27/07/2025,Running Shoes,Clothing,1,68.89,68.89
ORD-10676,CUST-1050,28/07/2025,Perfume,Beauty,1,35.78,35.78
ORD-10677,CUST-1146,28/07/2025,Blender,Home & Kitchen,1,135.64,135.64
ORD-10678,CUST-1020,29/07/2025,Blender,Home & Kitchen,1,40.64,40.64
ORD-10679,CUST-1004,29/07/2025,Denim Jeans,Clothing,1,63.41,63.41
ORD-10680,CUST-1091,30/07/2025,Yoga Mat,Sports,1,57.63,57.63
ORD-10681,CUST-1060,30/07/2025,Wireless Headphones,Electronics,2,109.78,219.56
ORD-10682,CUST-1021,01/08/2025,Smart Watch,Electronics,1,140.64,140.64
ORD-10683,CUST-1148,01/08/2025,Running Shoes,Clothing,1,89.31,89.31
ORD-10684,CUST-1069,01/08/2025,Water Bottle,Sports,1,93.26,93.26
ORD-10685,CUST-1000,01/08/2025,Smart Watch,Electronics,2,78.01,156.02
ORD-10686,CUST-1132,01/08/2025,Smart Watch,Electronics,1,103.84,103.84
ORD-10687,CUST-1011,01/08/2025,Bluetooth Speaker,Electronics,1,62.89,62.89
ORD-10688,CUST-1089,02/08/2025,Yoga Mat,Sports,1,134.24,134.24
ORD-10689,CUST-1045,02/08/2025,Air Fryer,Home & Kitchen,1,104.06,104.06
ORD-10690,CUST-1033,02/08/2025,Perfume,Beauty,1,124.85,124.85
ORD-10691,CUST-1077,02/08/2025,Running Shoes,Clothing,1,143.87,143.87
ORD-10692,CUST-1044,03/08/2025,Smart Watch,Electronics,1,96.24,96.24
ORD-10693,CUST-1072,03/08/2025,Dumbbell Set,Sports,1,60.64,60.64
ORD-10694,CUST-1025,03/08/2025,Wireless Headphones,Electronics,1,20.14,20.14
ORD-10695,CUST-1046,04/08/2025,Makeup Kit,Beauty,1,44.01,44.01
ORD-10696,CUST-1120,04/08/2025,Leather Jacket,Clothing,1,30.72,30.72
ORD-10697,CUST-1055,04/08/2025,Air Fryer,Home & Kitchen,1,106.58,106.58
ORD-10698,CUST-1093,04/08/2025,Smart Watch,Electronics,1,133.63,133.63
ORD-10699,CUST-1106,05/08/2025,Blender,Home & Kitchen,2,65.16,130.32
ORD-10700,CUST-1062,05/08/2025,Yoga Mat,Sports,1,58.08,58.08
ORD-10701,CUST-1047,05/08/2025,Smart Watch,Electronics,1,79.37,79.37
ORD-10702,CUST-1060,06/08/2025,Perfume,Beauty,1,56.44,56.44
ORD-10703,CUST-1080,06/08/2025,Yoga Mat,Sports,1,148.35,148.35
ORD-10704,CUST-1025,06/08/2025,Leather Jacket,Clothing,1,96.45,96.45
ORD-10705,CUST-1035,07/08/2025,Coffee Maker,Home & Kitchen,1,149.41,149.41
ORD-10706,CUST-1000,07/08/2025,Smart Watch,Electronics,1,124.31,124.31
ORD-10707,CUST-1007,08/08/2025,Blender,Home & Kitchen,3,26.63,79.89
ORD-10708,CUST-1112,08/08/2025,Yoga Mat,Sports,1,62.46,62.46
ORD-10709,CUST-1098,08/08/2025,Running Shoes,Clothing,1,22.37,22.37
ORD-10710,CUST-1046,08/08/2025,Blender,Home & Kitchen,3,66.73,200.19
ORD-10711,CUST-1126,09/08/2025,Dumbbell Set,Sports,1,21.53,21.53
ORD-10712,CUST-1055,09/08/2025,Running Shoes,Clothing,2,94.38,188.76
ORD-10713,CUST-1013,09/08/2025,Smart Watch,Electronics,2,89.88,179.76
ORD-10714,CUST-1027,09/08/2025,Makeup Kit,Beauty,1,120.89,120.89
ORD-10715,CUST-1077,10/08/2025,Wireless Headphones,Electronics,1,144.32,144.32
ORD-10716,CUST-1129,10/08/2025,Makeup Kit,Beauty,1,92.17,92.17
ORD-10717,CUST-1108,10/08/2025,Dumbbell Set,Sports,1,96.59,96.59
ORD-10718,CUST-1013,11/08/2025,Leather Jacket,Clothing,1,45.61,45.61
ORD-10719,CUST-1055,11/08/2025,Running Shoes,Clothing,1,16.67,16.67
ORD-10720,CUST-1114,11/08/2025,Blender,Home & Kitchen,2,47.96,95.92
ORD-10721,CUST-1006,11/08/2025,Air Fryer,Home & Kitchen,1,130.4,130.4
ORD-10722,CUST-1002,11/08/2025,Water Bottle,Sports,2,51.53,103.06
ORD-10723,CUST-1110,12/08/2025,Running Shoes,Clothing,1,23.38,23.38
ORD-10724,CUST-1106,12/08/2025,Water Bottle,Sports,1,149.27,149.27
ORD-10725,CUST-1017,12/08/2025,Smart Watch,Electronics,3,21.57,64.71
ORD-10726,CUST-1037,12/08/2025,Leather Jacket,Clothing,3,85.86,257.58
ORD-10727,CUST-1114,12/08/2025,Skin Serum,Beauty,1,94.54,94.54
ORD-10728,CUST-1014,13/08/2025,Wireless Headphones,Electronics,3,147.84,443.52
ORD-10729,CUST-1118,13/08/2025,Perfume,Beauty,2,106.88,213.76
ORD-10730,CUST-1027,14/08/2025,Skin Serum,Beauty,1,108.25,108.25
ORD-10731,CUST-1038,14/08/2025,Water Bottle,Sports,1,140.29,140.29
ORD-10732,CUST-1016,14/08/2025,Air Fryer,Home & Kitchen,1,105.77,105.77
ORD-10733,CUST-1085,14/08/2025,Bluetooth Speaker,Electronics,1,118.41,118.41
ORD-10734,CUST-1125,14/08/2025,Wireless Headphones,Electronics,1,148.45,148.45
ORD-10735,CUST-1043,14/08/2025,Air Fryer,Home & Kitchen,1,113.37,113.37
ORD-10736,CUST-1024,14/08/2025,Yoga Mat,Sports,1,21.88,21.88
ORD-10737,CUST-1144,14/08/2025,Running Shoes,Clothing,1,94.34,94.34
ORD-10738,CUST-1012,15/08/2025,Dumbbell Set,Sports,1,120.52,120.52
ORD-10739,CUST-1024,15/08/2025,Dumbbell Set,Sports,1,102.41,102.41
ORD-10740,CUST-1067,15/08/2025,Blender,Home & Kitchen,1,107.78,107.78
ORD-10741,CUST-1137,15/08/2025,Yoga Mat,Sports,1,114.86,114.86
ORD-10742,CUST-1066,15/08/2025,Air Fryer,Home & Kitchen,2,51.81,103.62
ORD-10743,CUST-1108,16/08/2025,Makeup Kit,Beauty,1,85.45,85.45
ORD-10744,CUST-1145,16/08/2025,Skin Serum,Beauty,1,144.22,144.22
ORD-10745,CUST-1110,16/08/2025,Air Fryer,Home & Kitchen,1,77.05,77.05
ORD-10746,CUST-1110,16/08/2025,Dumbbell Set,Sports,1,149.53,149.53
ORD-10747,CUST-1033,17/08/2025,Makeup Kit,Beauty,1,32.96,32.96
ORD-10748,CUST-1110,17/08/2025,Makeup Kit,Beauty,3,133.75,401.25
ORD-10749,CUST-1007,17/08/2025,Yoga Mat,Sports,1,62.84,62.84
ORD-10750,CUST-1112,18/08/2025,Blender,Home & Kitchen,1,71.48,71.48
ORD-10751,CUST-1082,18/08/2025,Water Bottle,Sports,1,47.91,47.91
ORD-10752,CUST-1041,19/08/2025,Yoga Mat,Sports,1,57.53,57.53
ORD-10753,CUST-1100,19/08/2025,Perfume,Beauty,1,126.71,126.71
ORD-10754,CUST-1005,19/08/2025,Air Fryer,Home & Kitchen,1,20.85,20.85
ORD-10755,CUST-1025,19/08/2025,Air Fryer,Home & Kitchen,1,115.54,115.54
ORD-10756,CUST-1063,20/08/2025,Bluetooth Speaker,Electronics,1,84.28,84.28
ORD-10757,CUST-1058,20/08/2025,Yoga Mat,Sports,1,57.84,57.84
ORD-10758,CUST-1108,20/08/2025,Yoga Mat,Sports,1,39.67,39.67
ORD-10759,CUST-1120,20/08/2025,Denim Jeans,Clothing,1,137.58,137.58
ORD-10760,CUST-1032,20/08/2025,Dumbbell Set,Sports,1,58.02,58.02
ORD-10761,CUST-1149,21/08/2025,Running Shoes,Clothing,1,78.67,78.67
ORD-10762,CUST-1020,21/08/2025,Air Fryer,Home & Kitchen,2,63.82,127.64
ORD-10763,CUST-1069,21/08/2025,Water Bottle,Sports,2,41.5,83
ORD-10764,CUST-1111,21/08/2025,Yoga Mat,Sports,2,92.91,185.82
ORD-10765,CUST-1003,21/08/2025,Smart Watch,Electronics,1,124.13,124.13
ORD-10766,CUST-1093,22/08/2025,Smart Watch,Electronics,3,92.24,276.72
ORD-10767,CUST-1074,23/08/2025,Coffee Maker,Home & Kitchen,1,41.82,41.82
ORD-10768,CUST-1061,23/08/2025,Denim Jeans,Clothing,1,95.2,95.2
ORD-10769,CUST-1093,24/08/2025,Dumbbell Set,Sports,1,127.26,127.26
ORD-10770,CUST-1094,24/08/2025,Blender,Home & Kitchen,2,119.31,238.62
ORD-10771,CUST-1054,24/08/2025,Smart Watch,Electronics,1,69.04,69.04
ORD-10772,CUST-1136,24/08/2025,Bluetooth Speaker,Electronics,1,102.67,102.67
ORD-10773,CUST-1130,24/08/2025,Wireless Headphones,Electronics,2,140.92,281.84
ORD-10774,CUST-1030,25/08/2025,Coffee Maker,Home & Kitchen,2,76.9,153.8
ORD-10775,CUST-1039,25/08/2025,Makeup Kit,Beauty,1,106.67,106.67
ORD-10776,CUST-1035,25/08/2025,Dumbbell Set,Sports,2,43.13,86.26
ORD-10777,CUST-1005,25/08/2025,Bluetooth Speaker,Electronics,1,46.2,46.2
ORD-10778,CUST-1065,26/08/2025,Smart Watch,Electronics,1,44.79,44.79
ORD-10779,CUST-1074,26/08/2025,Dumbbell Set,Sports,2,82.51,165.02
ORD-10780,CUST-1003,26/08/2025,Skin Serum,Beauty,1,117.34,117.34
ORD-10781,CUST-1078,27/08/2025,Makeup Kit,Beauty,1,70.44,70.44
ORD-10782,CUST-1133,27/08/2025,Water Bottle,Sports,1,65.48,65.48
ORD-10783,CUST-1117,27/08/2025,Water Bottle,Sports,1,35.5,35.5
ORD-10784,CUST-1112,28/08/2025,Makeup Kit,Beauty,1,105.68,105.68
ORD-10785,CUST-1093,29/08/2025,Dumbbell Set,Sports,1,42.92,42.92
ORD-10786,CUST-1061,29/08/2025,Air Fryer,Home & Kitchen,1,42.89,42.89
ORD-10787,CUST-1078,29/08/2025,Skin Serum,Beauty,1,69.72,69.72
ORD-10788,CUST-1135,29/08/2025,Air Fryer,Home & Kitchen,1,120.76,120.76
ORD-10789,CUST-1025,30/08/2025,Bluetooth Speaker,Electronics,2,136.09,272.18
ORD-10790,CUST-1043,30/08/2025,Bluetooth Speaker,Electronics,3,65.85,197.55
ORD-10791,CUST-1132,30/08/2025,Coffee Maker,Home & Kitchen,1,80.63,80.63
ORD-10792,CUST-1069,30/08/2025,Air Fryer,Home & Kitchen,1,124.19,124.19
ORD-10793,CUST-1117,30/08/2025,Leather Jacket,Clothing,1,130.92,130.92
ORD-10794,CUST-1067,30/08/2025,Air Fryer,Home & Kitchen,2,34.8,69.6
ORD-10795,CUST-1018,31/08/2025,Running Shoes,Clothing,2,59.3,118.6
ORD-10796,CUST-1019,31/08/2025,Smart Watch,Electronics,1,83.93,83.93
ORD-10797,CUST-1112,31/08/2025,Air Fryer,Home & Kitchen,1,123.32,123.32
ORD-10798,CUST-1139,31/08/2025,Dumbbell Set,Sports,1,26.37,26.37
ORD-10799,CUST-1046,01/09/2025,Blender,Home & Kitchen,3,57.24,171.72
ORD-10800,CUST-1000,02/09/2025,Blender,Home & Kitchen,1,110.18,110.18
ORD-10801,CUST-1089,02/09/2025,Makeup Kit,Beauty,2,37.8,75.6
ORD-10802,CUST-1141,02/09/2025,Coffee Maker,Home & Kitchen,1,129.63,129.63
ORD-10803,CUST-1063,03/09/2025,Makeup Kit,Beauty,1,127.92,127.92
ORD-10804,CUST-1037,03/09/2025,Yoga Mat,Sports,1,112.25,112.25
ORD-10805,CUST-1036,04/09/2025,Bluetooth Speaker,Electronics,1,77.22,77.22
ORD-10806,CUST-1125,04/09/2025,Water Bottle,Sports,2,29.23,58.46
ORD-10807,CUST-1138,05/09/2025,Perfume,Beauty,1,109.1,109.1
ORD-10808,CUST-1099,06/09/2025,Bluetooth Speaker,Electronics,1,56.35,56.35
ORD-10809,CUST-1076,06/09/2025,Running Shoes,Clothing,1,62.22,62.22
ORD-10810,CUST-1002,07/09/2025,Running Shoes,Clothing,1,48.59,48.59
ORD-10811,CUST-1133,08/09/2025,Yoga Mat,Sports,1,146.97,146.97
ORD-10812,CUST-1009,08/09/2025,Dumbbell Set,Sports,3,44.9,134.7
ORD-10813,CUST-1004,08/09/2025,Denim Jeans,Clothing,1,86.22,86.22
ORD-10814,CUST-1137,08/09/2025,Dumbbell Set,Sports,1,77.45,77.45
ORD-10815,CUST-1129,08/09/2025,Yoga Mat,Sports,1,147.67,147.67
ORD-10816,CUST-1012,08/09/2025,Leather Jacket,Clothing,1,132.34,132.34
ORD-10817,CUST-1129,09/09/2025,Yoga Mat,Sports,1,125.38,125.38
ORD-10818,CUST-1083,09/09/2025,Dumbbell Set,Sports,1,71.56,71.56
ORD-10819,CUST-1064,10/09/2025,Smart Watch,Electronics,1,140.66,140.66
ORD-10820,CUST-1062,10/09/2025,Denim Jeans,Clothing,1,149.42,149.42
ORD-10821,CUST-1100,11/09/2025,Yoga Mat,Sports,3,61.58,184.74
ORD-10822,CUST-1072,11/09/2025,Wireless Headphones,Electronics,1,71.52,71.52
ORD-10823,CUST-1016,12/09/2025,Smart Watch,Electronics,1,138.53,138.53
ORD-10824,CUST-1008,13/09/2025,Running Shoes,Clothing,2,113.94,227.88
ORD-10825,CUST-1142,13/09/2025,Smart Watch,Electronics,2,46.3,92.6
ORD-10826,CUST-1037,13/09/2025,Wireless Headphones,Electronics,1,65.6,65.6
ORD-10827,CUST-1093,13/09/2025,Smart Watch,Electronics,1,19.8,19.8
ORD-10828,CUST-1094,13/09/2025,Running Shoes,Clothing,2,52.06,104.12
ORD-10829,CUST-1048,14/09/2025,Wireless Headphones,Electronics,1,76.05,76.05
ORD-10830,CUST-1068,14/09/2025,Wireless Headphones,Electronics,1,125.03,125.03
ORD-10831,CUST-1061,15/09/2025,Bluetooth Speaker,Electronics,2,105.66,211.32
ORD-10832,CUST-1077,15/09/2025,Denim Jeans,Clothing,1,148.49,148.49
ORD-10833,CUST-1116,15/09/2025,Denim Jeans,Clothing,1,52.73,52.73
ORD-10834,CUST-1119,15/09/2025,Leather Jacket,Clothing,2,68.82,137.64
ORD-10835,CUST-1136,15/09/2025,Running Shoes,Clothing,1,87.18,87.18
ORD-10836,CUST-1075,15/09/2025,Bluetooth Speaker,Electronics,1,143.8,143.8
ORD-10837,CUST-1034,16/09/2025,Air Fryer,Home & Kitchen,1,126.72,126.72
ORD-10838,CUST-1000,16/09/2025,Smart Watch,Electronics,1,46.53,46.53
ORD-10839,CUST-1039,17/09/2025,Air Fryer,Home & Kitchen,1,54.33,54.33
ORD-10840,CUST-1063,17/09/2025,Air Fryer,Home & Kitchen,1,133.25,133.25
ORD-10841,CUST-1149,17/09/2025,Perfume,Beauty,1,59.57,59.57
ORD-10842,CUST-1059,18/09/2025,Leather Jacket,Clothing,3,23.13,69.39
ORD-10843,CUST-1063,18/09/2025,Leather Jacket,Clothing,1,105.99,105.99
ORD-10844,CUST-1092,18/09/2025,Blender,Home & Kitchen,1,24.52,24.52
ORD-10845,CUST-1071,18/09/2025,Air Fryer,Home & Kitchen,1,125.87,125.87
ORD-10846,CUST-1010,18/09/2025,Dumbbell Set,Sports,1,143.99,143.99
ORD-10847,CUST-1104,19/09/2025,Coffee Maker,Home & Kitchen,2,37.79,75.58
ORD-10848,CUST-1013,19/09/2025,Dumbbell Set,Sports,1,84.09,84.09
ORD-10849,CUST-1059,19/09/2025,Smart Watch,Electronics,1,16.94,16.94
ORD-10850,CUST-1029,19/09/2025,Blender,Home & Kitchen,3,96.8,290.4
ORD-10851,CUST-1034,19/09/2025,Makeup Kit,Beauty,2,143.59,287.18
ORD-10852,CUST-1004,19/09/2025,Air Fryer,Home & Kitchen,1,56.89,56.89
ORD-10853,CUST-1082,20/09/2025,Dumbbell Set,Sports,1,70.51,70.51
ORD-10854,CUST-1122,20/09/2025,Smart Watch,Electronics,1,69.2,69.2
ORD-10855,CUST-1077,20/09/2025,Air Fryer,Home & Kitchen,1,40.1,40.1
ORD-10856,CUST-1061,20/09/2025,Leather Jacket,Clothing,3,143.74,431.22
ORD-10857,CUST-1131,21/09/2025,Leather Jacket,Clothing,1,39.18,39.18
ORD-10858,CUST-1088,21/09/2025,Coffee Maker,Home & Kitchen,2,83,166
ORD-10859,CUST-1041,21/09/2025,Leather Jacket,Clothing,1,98.73,98.73
ORD-10860,CUST-1088,21/09/2025,Dumbbell Set,Sports,2,99.86,199.72
ORD-10861,CUST-1145,21/09/2025,Dumbbell Set,Sports,1,86.7,86.7
ORD-10862,CUST-1039,21/09/2025,Air Fryer,Home & Kitchen,1,124.12,124.12
ORD-10863,CUST-1071,22/09/2025,Wireless Headphones,Electronics,1,105.64,105.64
ORD-10864,CUST-1038,23/09/2025,Running Shoes,Clothing,2,107.99,215.98
ORD-10865,CUST-1103,23/09/2025,Dumbbell Set,Sports,1,72.51,72.51
ORD-10866,CUST-1013,23/09/2025,Blender,Home & Kitchen,1,91.19,91.19
ORD-10867,CUST-1031,23/09/2025,Skin Serum,Beauty,1,117.51,117.51
ORD-10868,CUST-1124,23/09/2025,Skin Serum,Beauty,1,78.63,78.63
ORD-10869,CUST-1096,24/09/2025,Denim Jeans,Clothing,1,84.83,84.83
ORD-10870,CUST-1022,24/09/2025,Water Bottle,Sports,1,70.67,70.67
ORD-10871,CUST-1062,24/09/2025,Leather Jacket,Clothing,2,112.91,225.82
ORD-10872,CUST-1142,24/09/2025,Coffee Maker,Home & Kitchen,1,25.88,25.88
ORD-10873,CUST-1144,25/09/2025,Wireless Headphones,Electronics,1,129.6,129.6
ORD-10874,CUST-1052,25/09/2025,Smart Watch,Electronics,2,61.28,122.56
ORD-10875,CUST-1103,26/09/2025,Wireless Headphones,Electronics,1,93.51,93.51
ORD-10876,CUST-1103,26/09/2025,Running Shoes,Clothing,1,74.91,74.91
ORD-10877,CUST-1038,26/09/2025,Dumbbell Set,Sports,1,41.39,41.39
ORD-10878,CUST-1133,26/09/2025,Skin Serum,Beauty,1,42.17,42.17
ORD-10879,CUST-1066,26/09/2025,Wireless Headphones,Electronics,1,143.53,143.53
ORD-10880,CUST-1134,26/09/2025,Makeup Kit,Beauty,2,21.7,43.4
ORD-10881,CUST-1041,26/09/2025,Blender,Home & Kitchen,1,132.8,132.8
ORD-10882,CUST-1014,27/09/2025,Denim Jeans,Clothing,1,61.19,61.19
ORD-10883,CUST-1110,27/09/2025,Skin Serum,Beauty,1,81.02,81.02
ORD-10884,CUST-1032,27/09/2025,Leather Jacket,Clothing,3,91.81,275.43
ORD-10885,CUST-1037,28/09/2025,Wireless Headphones,Electronics,1,112.89,112.89
ORD-10886,CUST-1096,28/09/2025,Bluetooth Speaker,Electronics,2,148.08,296.16
ORD-10887,CUST-1032,28/09/2025,Skin Serum,Beauty,1,60.79,60.79
ORD-10888,CUST-1085,28/09/2025,Skin Serum,Beauty,2,75.2,150.4
ORD-10889,CUST-1065,28/09/2025,Smart Watch,Electronics,1,67.31,67.31
ORD-10890,CUST-1009,28/09/2025,Water Bottle,Sports,1,100.69,100.69
ORD-10891,CUST-1004,29/09/2025,Smart Watch,Electronics,1,42.55,42.55
ORD-10892,CUST-1122,29/09/2025,Smart Watch,Electronics,1,66.37,66.37
ORD-10893,CUST-1073,30/09/2025,Coffee Maker,Home & Kitchen,1,97.78,97.78
ORD-10894,CUST-1096,30/09/2025,Perfume,Beauty,1,144.88,144.88
ORD-10895,CUST-1117,30/09/2025,Wireless Headphones,Electronics,1,106.89,106.89
ORD-10896,CUST-1037,30/09/2025,Perfume,Beauty,1,72.88,72.88
ORD-10897,CUST-1140,01/10/2025,Denim Jeans,Clothing,3,47.72,143.16
ORD-10898,CUST-1046,01/10/2025,Smart Watch,Electronics,1,114.65,114.65
ORD-10899,CUST-1108,01/10/2025,Makeup Kit,Beauty,3,81.47,244.41
ORD-10900,CUST-1014,02/10/2025,Denim Jeans,Clothing,1,61.12,61.12
ORD-10901,CUST-1135,03/10/2025,Dumbbell Set,Sports,1,136.15,136.15
ORD-10902,CUST-1004,03/10/2025,Running Shoes,Clothing,1,58.99,58.99
ORD-10903,CUST-1046,03/10/2025,Air Fryer,Home & Kitchen,1,129.94,129.94
ORD-10904,CUST-1067,04/10/2025,Water Bottle,Sports,2,39.55,79.1
ORD-10905,CUST-1075,04/10/2025,Air Fryer,Home & Kitchen,2,121.52,243.04
ORD-10906,CUST-1129,04/10/2025,Bluetooth Speaker,Electronics,1,53.67,53.67
ORD-10907,CUST-1094,04/10/2025,Leather Jacket,Clothing,2,127.93,255.86
ORD-10908,CUST-1114,04/10/2025,Leather Jacket,Clothing,1,143.67,143.67
ORD-10909,CUST-1035,05/10/2025,Denim Jeans,Clothing,1,49.95,49.95
ORD-10910,CUST-1025,05/10/2025,Smart Watch,Electronics,2,31.38,62.76
ORD-10911,CUST-1042,05/10/2025,Coffee Maker,Home & Kitchen,1,96.08,96.08
ORD-10912,CUST-1026,06/10/2025,Dumbbell Set,Sports,1,98.32,98.32
ORD-10913,CUST-1068,06/10/2025,Perfume,Beauty,2,139.55,279.1
ORD-10914,CUST-1147,07/10/2025,Smart Watch,Electronics,1,40.92,40.92
ORD-10915,CUST-1010,07/10/2025,Blender,Home & Kitchen,1,96.33,96.33
ORD-10916,CUST-1073,08/10/2025,Smart Watch,Electronics,1,60.15,60.15
ORD-10917,CUST-1103,08/10/2025,Dumbbell Set,Sports,2,49.76,99.52
ORD-10918,CUST-1037,08/10/2025,Skin Serum,Beauty,1,83.4,83.4
ORD-10919,CUST-1133,08/10/2025,Leather Jacket,Clothing,2,33.47,66.94
ORD-10920,CUST-1022,09/10/2025,Makeup Kit,Beauty,1,59.26,59.26
ORD-10921,CUST-1046,09/10/2025,Dumbbell Set,Sports,1,139.27,139.27
ORD-10922,CUST-1089,09/10/2025,Denim Jeans,Clothing,1,114.99,114.99
ORD-10923,CUST-1045,09/10/2025,Air Fryer,Home & Kitchen,1,60.53,60.53
ORD-10924,CUST-1106,10/10/2025,Yoga Mat,Sports,1,80.27,80.27
ORD-10925,CUST-1139,11/10/2025,Air Fryer,Home & Kitchen,1,29.33,29.33
ORD-10926,CUST-1140,11/10/2025,Perfume,Beauty,1,83.16,83.16
ORD-10927,CUST-1103,11/10/2025,Perfume,Beauty,1,92.87,92.87
ORD-10928,CUST-1110,12/10/2025,Blender,Home & Kitchen,1,22.12,22.12
ORD-10929,CUST-1103,12/10/2025,Water Bottle,Sports,1,74.12,74.12
ORD-10930,CUST-1059,12/10/2025,Dumbbell Set,Sports,1,71.93,71.93
ORD-10931,CUST-1099,12/10/2025,Running Shoes,Clothing,2,61.74,123.48
ORD-10932,CUST-1067,12/10/2025,Denim Jeans,Clothing,1,98.32,98.32
ORD-10933,CUST-1132,12/10/2025,Skin Serum,Beauty,1,118.49,118.49
ORD-10934,CUST-1119,13/10/2025,Air Fryer,Home & Kitchen,3,131.78,395.34
ORD-10935,CUST-1036,13/10/2025,Yoga Mat,Sports,1,100.15,100.15
ORD-10936,CUST-1071,14/10/2025,Dumbbell Set,Sports,1,117.3,117.3
ORD-10937,CUST-1126,14/10/2025,Smart Watch,Electronics,1,80.56,80.56
ORD-10938,CUST-1105,14/10/2025,Wireless Headphones,Electronics,1,23.62,23.62
ORD-10939,CUST-1091,14/10/2025,Coffee Maker,Home & Kitchen,1,84.57,84.57
ORD-10940,CUST-1030,15/10/2025,Denim Jeans,Clothing,2,137.34,274.68
ORD-10941,CUST-1121,15/10/2025,Perfume,Beauty,1,96.43,96.43
ORD-10942,CUST-1136,15/10/2025,Running Shoes,Clothing,1,140.9,140.9
ORD-10943,CUST-1050,15/10/2025,Makeup Kit,Beauty,1,118.46,118.46
ORD-10944,CUST-1028,15/10/2025,Yoga Mat,Sports,1,136.4,136.4
ORD-10945,CUST-1039,15/10/2025,Yoga Mat,Sports,1,56.81,56.81
ORD-10946,CUST-1040,15/10/2025,Running Shoes,Clothing,1,69.32,69.32
ORD-10947,CUST-1010,15/10/2025,Blender,Home & Kitchen,1,35.91,35.91
ORD-10948,CUST-1000,16/10/2025,Bluetooth Speaker,Electronics,1,142.47,142.47
ORD-10949,CUST-1045,16/10/2025,Yoga Mat,Sports,1,34.97,34.97
ORD-10950,CUST-1100,16/10/2025,Blender,Home & Kitchen,1,32.6,32.6
ORD-10951,CUST-1148,16/10/2025,Water Bottle,Sports,1,91.33,91.33
ORD-10952,CUST-1089,16/10/2025,Dumbbell Set,Sports,1,75.19,75.19
ORD-10953,CUST-1109,17/10/2025,Yoga Mat,Sports,1,87.68,87.68
ORD-10954,CUST-1056,17/10/2025,Perfume,Beauty,1,31.3,31.3
ORD-10955,CUST-1000,17/10/2025,Denim Jeans,Clothing,1,75.11,75.11
ORD-10956,CUST-1062,18/10/2025,Dumbbell Set,Sports,1,141.65,141.65
ORD-10957,CUST-1054,18/10/2025,Skin Serum,Beauty,1,109.61,109.61
ORD-10958,CUST-1114,18/10/2025,Water Bottle,Sports,1,122.73,122.73
ORD-10959,CUST-1142,18/10/2025,Yoga Mat,Sports,1,53.17,53.17
ORD-10960,CUST-1148,18/10/2025,Perfume,Beauty,3,101.77,305.31
ORD-10961,CUST-1052,19/10/2025,Skin Serum,Beauty,1,47.27,47.27
ORD-10962,CUST-1136,19/10/2025,Water Bottle,Sports,1,129.82,129.82
ORD-10963,CUST-1056,19/10/2025,Blender,Home & Kitchen,1,103.23,103.23
ORD-10964,CUST-1116,20/10/2025,Leather Jacket,Clothing,1,81.05,81.05
ORD-10965,CUST-1034,20/10/2025,Dumbbell Set,Sports,2,45.82,91.64
ORD-10966,CUST-1062,20/10/2025,Skin Serum,Beauty,1,64.86,64.86
ORD-10967,CUST-1024,20/10/2025,Leather Jacket,Clothing,1,22.75,22.75
ORD-10968,CUST-1089,20/10/2025,Air Fryer,Home & Kitchen,2,35.49,70.98
ORD-10969,CUST-1074,20/10/2025,Smart Watch,Electronics,1,71.61,71.61
ORD-10970,CUST-1037,20/10/2025,Bluetooth Speaker,Electronics,1,83.13,83.13
ORD-10971,CUST-1129,20/10/2025,Leather Jacket,Clothing,1,104.28,104.28
ORD-10972,CUST-1134,20/10/2025,Blender,Home & Kitchen,1,137.84,137.84
ORD-10973,CUST-1090,21/10/2025,Perfume,Beauty,1,122.7,122.7
ORD-10974,CUST-1016,22/10/2025,Air Fryer,Home & Kitchen,1,145.51,145.51
ORD-10975,CUST-1127,22/10/2025,Smart Watch,Electronics,2,149.57,299.14
ORD-10976,CUST-1107,22/10/2025,Skin Serum,Beauty,1,19.11,19.11
ORD-10977,CUST-1024,22/10/2025,Makeup Kit,Beauty,2,44.8,89.6
ORD-10978,CUST-1087,24/10/2025,Water Bottle,Sports,2,57.04,114.08
ORD-10979,CUST-1028,25/10/2025,Water Bottle,Sports,1,128.33,128.33
ORD-10980,CUST-1062,25/10/2025,Air Fryer,Home & Kitchen,1,38.72,38.72
ORD-10981,CUST-1149,26/10/2025,Makeup Kit,Beauty,1,45.71,45.71
ORD-10982,CUST-1113,27/10/2025,Skin Serum,Beauty,1,141.89,141.89
ORD-10983,CUST-1048,27/10/2025,Water Bottle,Sports,3,80.51,241.53
ORD-10984,CUST-1080,27/10/2025,Water Bottle,Sports,2,77.15,154.3
ORD-10985,CUST-1083,27/10/2025,Blender,Home & Kitchen,1,31.83,31.83
ORD-10986,CUST-1104,28/10/2025,Bluetooth Speaker,Electronics,1,118.39,118.39
ORD-10987,CUST-1147,28/10/2025,Wireless Headphones,Electronics,1,17.63,17.63
ORD-10988,CUST-1117,28/10/2025,Skin Serum,Beauty,3,76.7,230.1
ORD-10989,CUST-1085,28/10/2025,Air Fryer,Home & Kitchen,1,117.86,117.86
ORD-10990,CUST-1062,28/10/2025,Smart Watch,Electronics,1,87.3,87.3
ORD-10991,CUST-1103,28/10/2025,Denim Jeans,Clothing,1,137.7,137.7
ORD-10992,CUST-1048,29/10/2025,Running Shoes,Clothing,1,140.13,140.13
ORD-10993,CUST-1070,29/10/2025,Perfume,Beauty,1,144.45,144.45
ORD-10994,CUST-1000,29/10/2025,Dumbbell Set,Sports,1,143.54,143.54
ORD-10995,CUST-1140,29/10/2025,Coffee Maker,Home & Kitchen,3,22.42,67.26
ORD-10996,CUST-1122,29/10/2025,Water Bottle,Sports,1,35.86,35.86
ORD-10997,CUST-1061,29/10/2025,Dumbbell Set,Sports,1,25.04,25.04
ORD-10998,CUST-1031,30/10/2025,Skin Serum,Beauty,2,78.75,157.5
ORD-10999,CUST-1028,30/10/2025,Coffee Maker,Home & Kitchen,1,137.8,137.8
ORD-11000,CUST-1048,30/10/2025,Wireless Headphones,Electronics,2,143.03,286.06
ORD-11001,CUST-1029,30/10/2025,Denim Jeans,Clothing,3,121.41,364.23
ORD-11002,CUST-1143,30/10/2025,Blender,Home & Kitchen,1,107.93,107.93
ORD-11003,CUST-1018,31/10/2025,Coffee Maker,Home & Kitchen,1,132.07,132.07
ORD-11004,CUST-1017,31/10/2025,Blender,Home & Kitchen,1,69.76,69.76
ORD-11005,CUST-1000,31/10/2025,Dumbbell Set,Sports,1,22.8,22.8
ORD-11006,CUST-1077,31/10/2025,Skin Serum,Beauty,1,88.41,88.41
ORD-11007,CUST-1114,01/11/2025,Dumbbell Set,Sports,1,105.18,105.18
ORD-11008,CUST-1112,01/11/2025,Leather Jacket,Clothing,2,125.32,250.64
ORD-11009,CUST-1113,01/11/2025,Wireless Headphones,Electronics,1,73.29,73.29
ORD-11010,CUST-1062,01/11/2025,Skin Serum,Beauty,1,122.55,122.55
ORD-11011,CUST-1131,01/11/2025,Yoga Mat,Sports,1,116.33,116.33
ORD-11012,CUST-1128,02/11/2025,Running Shoes,Clothing,1,40.03,40.03
ORD-11013,CUST-1007,02/11/2025,Perfume,Beauty,1,145.54,145.54
ORD-11014,CUST-1054,03/11/2025,Air Fryer,Home & Kitchen,1,132.79,132.79
ORD-11015,CUST-1102,04/11/2025,Denim Jeans,Clothing,3,104.1,312.3
ORD-11016,CUST-1130,04/11/2025,Perfume,Beauty,1,50.44,50.44
ORD-11017,CUST-1031,04/11/2025,Bluetooth Speaker,Electronics,2,31.8,63.6
ORD-11018,CUST-1009,04/11/2025,Blender,Home & Kitchen,1,84.38,84.38
ORD-11019,CUST-1109,05/11/2025,Makeup Kit,Beauty,3,74.86,224.58
ORD-11020,CUST-1123,05/11/2025,Perfume,Beauty,1,107.85,107.85
ORD-11021,CUST-1086,06/11/2025,Skin Serum,Beauty,1,21.65,21.65
ORD-11022,CUST-1054,06/11/2025,Wireless Headphones,Electronics,2,21.47,42.94
ORD-11023,CUST-1031,06/11/2025,Leather Jacket,Clothing,2,15.92,31.84
ORD-11024,CUST-1134,06/11/2025,Makeup Kit,Beauty,1,75.04,75.04
ORD-11025,CUST-1092,06/11/2025,Perfume,Beauty,2,69.69,139.38
ORD-11026,CUST-1007,06/11/2025,Bluetooth Speaker,Electronics,2,66.42,132.84
ORD-11027,CUST-1064,07/11/2025,Denim Jeans,Clothing,1,148.18,148.18
ORD-11028,CUST-1056,07/11/2025,Air Fryer,Home & Kitchen,1,107.77,107.77
ORD-11029,CUST-1066,07/11/2025,Leather Jacket,Clothing,1,44.37,44.37
ORD-11030,CUST-1071,07/11/2025,Running Shoes,Clothing,1,41.88,41.88
ORD-11031,CUST-1053,08/11/2025,Bluetooth Speaker,Electronics,1,133.49,133.49
ORD-11032,CUST-1066,08/11/2025,Running Shoes,Clothing,2,51.6,103.2
ORD-11033,CUST-1050,08/11/2025,Coffee Maker,Home & Kitchen,2,16,32
ORD-11034,CUST-1096,09/11/2025,Water Bottle,Sports,1,131.94,131.94
ORD-11035,CUST-1091,09/11/2025,Blender,Home & Kitchen,2,47.62,95.24
ORD-11036,CUST-1007,10/11/2025,Blender,Home & Kitchen,1,73.35,73.35
ORD-11037,CUST-1034,10/11/2025,Dumbbell Set,Sports,2,63.56,127.12
ORD-11038,CUST-1095,10/11/2025,Wireless Headphones,Electronics,1,109.71,109.71
ORD-11039,CUST-1087,10/11/2025,Wireless Headphones,Electronics,1,59.47,59.47
ORD-11040,CUST-1077,10/11/2025,Blender,Home & Kitchen,2,56.05,112.1
ORD-11041,CUST-1031,11/11/2025,Blender,Home & Kitchen,2,147.83,295.66
ORD-11042,CUST-1119,11/11/2025,Water Bottle,Sports,3,45.4,136.2
ORD-11043,CUST-1045,12/11/2025,Yoga Mat,Sports,1,138.54,138.54
ORD-11044,CUST-1143,12/11/2025,Wireless Headphones,Electronics,2,91.72,183.44
ORD-11045,CUST-1141,12/11/2025,Water Bottle,Sports,1,60.06,60.06
ORD-11046,CUST-1054,12/11/2025,Air Fryer,Home & Kitchen,2,91.86,183.72
ORD-11047,CUST-1006,12/11/2025,Denim Jeans,Clothing,1,18.66,18.66
ORD-11048,CUST-1073,12/11/2025,Water Bottle,Sports,1,140.5,140.5
ORD-11049,CUST-1006,12/11/2025,Skin Serum,Beauty,1,75.23,75.23
ORD-11050,CUST-1084,13/11/2025,Makeup Kit,Beauty,1,76.44,76.44
ORD-11051,CUST-1146,14/11/2025,Water Bottle,Sports,1,119.74,119.74
ORD-11052,CUST-1111,14/11/2025,Denim Jeans,Clothing,1,74.22,74.22
ORD-11053,CUST-1124,14/11/2025,Wireless Headphones,Electronics,1,118.24,118.24
ORD-11054,CUST-1146,14/11/2025,Smart Watch,Electronics,2,48.99,97.98
ORD-11055,CUST-1035,14/11/2025,Denim Jeans,Clothing,1,131.93,131.93
ORD-11056,CUST-1028,15/11/2025,Blender,Home & Kitchen,1,50.79,50.79
ORD-11057,CUST-1081,15/11/2025,Air Fryer,Home & Kitchen,1,28.93,28.93
ORD-11058,CUST-1001,15/11/2025,Air Fryer,Home & Kitchen,2,86.31,172.62
ORD-11059,CUST-1128,16/11/2025,Bluetooth Speaker,Electronics,3,73.82,221.46
ORD-11060,CUST-1046,16/11/2025,Yoga Mat,Sports,1,30.17,30.17
ORD-11061,CUST-1147,16/11/2025,Air Fryer,Home & Kitchen,1,33.31,33.31
ORD-11062,CUST-1010,16/11/2025,Water Bottle,Sports,1,142.3,142.3
ORD-11063,CUST-1129,17/11/2025,Leather Jacket,Clothing,2,110.9,221.8
ORD-11064,CUST-1118,17/11/2025,Coffee Maker,Home & Kitchen,3,130.86,392.58
ORD-11065,CUST-1139,19/11/2025,Running Shoes,Clothing,1,77.64,77.64
ORD-11066,CUST-1019,19/11/2025,Water Bottle,Sports,1,109.05,109.05
ORD-11067,CUST-1004,19/11/2025,Coffee Maker,Home & Kitchen,2,146.55,293.1
ORD-11068,CUST-1036,19/11/2025,Running Shoes,Clothing,1,106.93,106.93
ORD-11069,CUST-1136,20/11/2025,Coffee Maker,Home & Kitchen,1,87.79,87.79
ORD-11070,CUST-1052,20/11/2025,Makeup Kit,Beauty,2,116.49,232.98
ORD-11071,CUST-1098,20/11/2025,Makeup Kit,Beauty,1,28.1,28.1
ORD-11072,CUST-1085,20/11/2025,Skin Serum,Beauty,1,22.44,22.44
ORD-11073,CUST-1107,20/11/2025,Denim Jeans,Clothing,1,140.35,140.35
ORD-11074,CUST-1023,21/11/2025,Denim Jeans,Clothing,1,85.92,85.92
ORD-11075,CUST-1080,21/11/2025,Bluetooth Speaker,Electronics,3,63.61,190.83
ORD-11076,CUST-1119,22/11/2025,Leather Jacket,Clothing,1,107.14,107.14
ORD-11077,CUST-1058,22/11/2025,Dumbbell Set,Sports,2,51.2,102.4
ORD-11078,CUST-1127,22/11/2025,Dumbbell Set,Sports,1,28.84,28.84
ORD-11079,CUST-1113,22/11/2025,Water Bottle,Sports,2,135.26,270.52
ORD-11080,CUST-1114,24/11/2025,Coffee Maker,Home & Kitchen,2,114.47,228.94
ORD-11081,CUST-1013,24/11/2025,Denim Jeans,Clothing,1,33.53,33.53
ORD-11082,CUST-1008,24/11/2025,Bluetooth Speaker,Electronics,1,75.23,75.23
ORD-11083,CUST-1039,24/11/2025,Water Bottle,Sports,1,18.37,18.37
ORD-11084,CUST-1024,25/11/2025,Perfume,Beauty,1,100.3,100.3
ORD-11085,CUST-1102,25/11/2025,Yoga Mat,Sports,1,117.15,117.15
ORD-11086,CUST-1021,25/11/2025,Dumbbell Set,Sports,1,40.41,40.41
ORD-11087,CUST-1003,26/11/2025,Dumbbell Set,Sports,3,68.54,205.62
ORD-11088,CUST-1028,26/11/2025,Dumbbell Set,Sports,1,92.32,92.32
ORD-11089,CUST-1108,27/11/2025,Yoga Mat,Sports,1,53.35,53.35
ORD-11090,CUST-1097,27/11/2025,Coffee Maker,Home & Kitchen,1,114.26,114.26
ORD-11091,CUST-1036,28/11/2025,Blender,Home & Kitchen,1,135.57,135.57
ORD-11092,CUST-1074,28/11/2025,Leather Jacket,Clothing,1,32.53,32.53
ORD-11093,CUST-1069,28/11/2025,Wireless Headphones,Electronics,2,144.97,289.94
ORD-11094,CUST-1145,29/11/2025,Denim Jeans,Clothing,1,29.26,29.26
ORD-11095,CUST-1127,29/11/2025,Air Fryer,Home & Kitchen,1,98.47,98.47
ORD-11096,CUST-1084,29/11/2025,Denim Jeans,Clothing,2,127.65,255.3
ORD-11097,CUST-1041,30/11/2025,Perfume,Beauty,2,129.87,259.74
ORD-11098,CUST-1099,30/11/2025,Skin Serum,Beauty,1,73.32,73.32
ORD-11099,CUST-1040,30/11/2025,Yoga Mat,Sports,1,37.48,37.48
ORD-11100,CUST-1033,30/11/2025,Air Fryer,Home & Kitchen,1,21.49,21.49
ORD-11101,CUST-1016,30/11/2025,Yoga Mat,Sports,1,139.35,139.35
ORD-11102,CUST-1121,01/12/2025,Makeup Kit,Beauty,1,46.44,46.44
ORD-11103,CUST-1075,01/12/2025,Smart Watch,Electronics,1,116.9,116.9
ORD-11104,CUST-1086,02/12/2025,Blender,Home & Kitchen,3,37.33,111.99
ORD-11105,CUST-1116,02/12/2025,Air Fryer,Home & Kitchen,3,137.33,411.99
ORD-11106,CUST-1105,02/12/2025,Running Shoes,Clothing,2,76.8,153.6
ORD-11107,CUST-1085,02/12/2025,Makeup Kit,Beauty,2,41.55,83.1
ORD-11108,CUST-1026,02/12/2025,Leather Jacket,Clothing,1,45.12,45.12
ORD-11109,CUST-1056,03/12/2025,Perfume,Beauty,1,40.68,40.68
ORD-11110,CUST-1030,03/12/2025,Yoga Mat,Sports,1,24.59,24.59
ORD-11111,CUST-1133,04/12/2025,Skin Serum,Beauty,1,84.5,84.5
ORD-11112,CUST-1097,04/12/2025,Coffee Maker,Home & Kitchen,1,72.17,72.17
ORD-11113,CUST-1011,04/12/2025,Coffee Maker,Home & Kitchen,1,28.18,28.18
ORD-11114,CUST-1052,05/12/2025,Skin Serum,Beauty,1,31.82,31.82
ORD-11115,CUST-1137,06/12/2025,Denim Jeans,Clothing,1,44.47,44.47
ORD-11116,CUST-1144,06/12/2025,Makeup Kit,Beauty,1,28.87,28.87
ORD-11117,CUST-1121,06/12/2025,Leather Jacket,Clothing,1,83.92,83.92
ORD-11118,CUST-1045,07/12/2025,Coffee Maker,Home & Kitchen,1,61.14,61.14
ORD-11119,CUST-1063,07/12/2025,Denim Jeans,Clothing,1,107.56,107.56
ORD-11120,CUST-1129,08/12/2025,Running Shoes,Clothing,1,134.75,134.75
ORD-11121,CUST-1053,08/12/2025,Running Shoes,Clothing,1,130.71,130.71
ORD-11122,CUST-1106,09/12/2025,Leather Jacket,Clothing,1,74.1,74.1
ORD-11123,CUST-1050,09/12/2025,Coffee Maker,Home & Kitchen,2,141.38,282.76
ORD-11124,CUST-1035,10/12/2025,Running Shoes,Clothing,1,133.09,133.09
ORD-11125,CUST-1114,10/12/2025,Wireless Headphones,Electronics,1,24.08,24.08
ORD-11126,CUST-1025,10/12/2025,Smart Watch,Electronics,3,100.48,301.44
ORD-11127,CUST-1028,10/12/2025,Bluetooth Speaker,Electronics,1,121.83,121.83
ORD-11128,CUST-1148,10/12/2025,Dumbbell Set,Sports,1,27.9,27.9
ORD-11129,CUST-1010,10/12/2025,Air Fryer,Home & Kitchen,3,132.25,396.75
ORD-11130,CUST-1039,11/12/2025,Denim Jeans,Clothing,1,137.79,137.79
ORD-11131,CUST-1010,11/12/2025,Perfume,Beauty,1,123.74,123.74
ORD-11132,CUST-1112,11/12/2025,Water Bottle,Sports,1,145.34,145.34
ORD-11133,CUST-1038,11/12/2025,Dumbbell Set,Sports,2,33.33,66.66
ORD-11134,CUST-1053,11/12/2025,Yoga Mat,Sports,1,114.14,114.14
ORD-11135,CUST-1097,11/12/2025,Air Fryer,Home & Kitchen,1,120.53,120.53
ORD-11136,CUST-1054,11/12/2025,Leather Jacket,Clothing,1,27.49,27.49
ORD-11137,CUST-1110,13/12/2025,Denim Jeans,Clothing,1,84.47,84.47
ORD-11138,CUST-1149,13/12/2025,Coffee Maker,Home & Kitchen,3,33.59,100.77
ORD-11139,CUST-1068,13/12/2025,Smart Watch,Electronics,1,22.64,22.64
ORD-11140,CUST-1055,13/12/2025,Makeup Kit,Beauty,3,82.06,246.18
ORD-11141,CUST-1032,14/12/2025,Dumbbell Set,Sports,1,97.5,97.5
ORD-11142,CUST-1035,14/12/2025,Blender,Home & Kitchen,1,101.04,101.04
ORD-11143,CUST-1147,14/12/2025,Coffee Maker,Home & Kitchen,1,100.72,100.72
ORD-11144,CUST-1080,15/12/2025,Dumbbell Set,Sports,2,95.38,190.76
ORD-11145,CUST-1108,15/12/2025,Leather Jacket,Clothing,2,48.59,97.18
ORD-11146,CUST-1072,15/12/2025,Denim Jeans,Clothing,1,99.61,99.61
ORD-11147,CUST-1039,15/12/2025,Perfume,Beauty,1,52.41,52.41
ORD-11148,CUST-1016,15/12/2025,Running Shoes,Clothing,2,58.2,116.4
ORD-11149,CUST-1128,16/12/2025,Leather Jacket,Clothing,3,40.97,122.91
ORD-11150,CUST-1060,16/12/2025,Bluetooth Speaker,Electronics,1,117.92,117.92
ORD-11151,CUST-1103,16/12/2025,Blender,Home & Kitchen,3,100.34,301.02
ORD-11152,CUST-1041,16/12/2025,Air Fryer,Home & Kitchen,1,41.95,41.95
ORD-11153,CUST-1024,17/12/2025,Water Bottle,Sports,2,34.64,69.28
ORD-11154,CUST-1038,17/12/2025,Water Bottle,Sports,1,147.6,147.6
ORD-11155,CUST-1034,18/12/2025,Leather Jacket,Clothing,1,24.36,24.36
ORD-11156,CUST-1130,18/12/2025,Smart Watch,Electronics,1,114.76,114.76
ORD-11157,CUST-1107,18/12/2025,Skin Serum,Beauty,1,22.14,22.14
ORD-11158,CUST-1101,18/12/2025,Denim Jeans,Clothing,1,138.08,138.08
ORD-11159,CUST-1097,19/12/2025,Water Bottle,Sports,1,74.6,74.6
ORD-11160,CUST-1011,19/12/2025,Smart Watch,Electronics,1,132.31,132.31
ORD-11161,CUST-1018,19/12/2025,Denim Jeans,Clothing,1,95.21,95.21
ORD-11162,CUST-1100,19/12/2025,Smart Watch,Electronics,1,44.39,44.39
ORD-11163,CUST-1043,19/12/2025,Denim Jeans,Clothing,2,77.53,155.06
ORD-11164,CUST-1048,19/12/2025,Running Shoes,Clothing,3,101.01,303.03
ORD-11165,CUST-1016,20/12/2025,Blender,Home & Kitchen,1,35.17,35.17
ORD-11166,CUST-1073,20/12/2025,Wireless Headphones,Electronics,1,39.52,39.52
ORD-11167,CUST-1056,20/12/2025,Coffee Maker,Home & Kitchen,1,69.85,69.85
ORD-11168,CUST-1054,20/12/2025,Dumbbell Set,Sports,2,71.55,143.1
ORD-11169,CUST-1046,21/12/2025,Blender,Home & Kitchen,1,130.45,130.45
ORD-11170,CUST-1011,21/12/2025,Bluetooth Speaker,Electronics,1,145.39,145.39
ORD-11171,CUST-1061,22/12/2025,Skin Serum,Beauty,3,54.07,162.21
ORD-11172,CUST-1079,22/12/2025,Skin Serum,Beauty,3,15.66,46.98
ORD-11173,CUST-1082,22/12/2025,Dumbbell Set,Sports,1,83.74,83.74
ORD-11174,CUST-1007,23/12/2025,Yoga Mat,Sports,1,44.79,44.79
ORD-11175,CUST-1148,23/12/2025,Makeup Kit,Beauty,1,43.63,43.63
ORD-11176,CUST-1080,24/12/2025,Air Fryer,Home & Kitchen,1,42.92,42.92
ORD-11177,CUST-1117,25/12/2025,Bluetooth Speaker,Electronics,1,28.99,28.99
ORD-11178,CUST-1024,25/12/2025,Air Fryer,Home & Kitchen,1,149.73,149.73
ORD-11179,CUST-1088,25/12/2025,Air Fryer,Home & Kitchen,3,102.77,308.31
ORD-11180,CUST-1011,25/12/2025,Wireless Headphones,Electronics,1,100.47,100.47
ORD-11181,CUST-1142,26/12/2025,Leather Jacket,Clothing,1,33.09,33.09
ORD-11182,CUST-1058,26/12/2025,Wireless Headphones,Electronics,2,33.81,67.62
ORD-11183,CUST-1108,26/12/2025,Skin Serum,Beauty,1,108.04,108.04
ORD-11184,CUST-1025,26/12/2025,Running Shoes,Clothing,2,121.83,243.66
ORD-11185,CUST-1046,26/12/2025,Yoga Mat,Sports,3,39.69,119.07
ORD-11186,CUST-1031,27/12/2025,Coffee Maker,Home & Kitchen,1,145.27,145.27
ORD-11187,CUST-1009,27/12/2025,Water Bottle,Sports,3,21.02,63.06
ORD-11188,CUST-1015,27/12/2025,Smart Watch,Electronics,2,16.94,33.88
ORD-11189,CUST-1144,27/12/2025,Running Shoes,Clothing,1,61.13,61.13
ORD-11190,CUST-1025,28/12/2025,Skin Serum,Beauty,3,111.35,334.05
ORD-11191,CUST-1085,28/12/2025,Dumbbell Set,Sports,1,31.95,31.95
ORD-11192,CUST-1134,29/12/2025,Smart Watch,Electronics,1,35.17,35.17
ORD-11193,CUST-1013,29/12/2025,Wireless Headphones,Electronics,1,132.77,132.77
ORD-11194,CUST-1078,30/12/2025,Skin Serum,Beauty,1,101.81,101.81
ORD-11195,CUST-1116,30/12/2025,Dumbbell Set,Sports,1,49.18,49.18
ORD-11196,CUST-1006,30/12/2025,Coffee Maker,Home & Kitchen,3,42.88,128.64
ORD-11197,CUST-1136,30/12/2025,Smart Watch,Electronics,1,125.03,125.03
ORD-11198,CUST-1114,31/12/2025,Skin Serum,Beauty,2,130.58,261.16
ORD-11199,CUST-1071,31/12/2025,Skin Serum,Beauty,1,17.15,17.15
